class,x1,y1,z1,v1,x2,y2,z2,v2,x3,y3,z3,v3,x4,y4,z4,v4,x5,y5,z5,v5,x6,y6,z6,v6,x7,y7,z7,v7,x8,y8,z8,v8,x9,y9,z9,v9,x10,y10,z10,v10,x11,y11,z11,v11,x12,y12,z12,v12,x13,y13,z13,v13,x14,y14,z14,v14,x15,y15,z15,v15,x16,y16,z16,v16,x17,y17,z17,v17,x18,y18,z18,v18,x19,y19,z19,v19,x20,y20,z20,v20,x21,y21,z21,v21,x22,y22,z22,v22,x23,y23,z23,v23,x24,y24,z24,v24,x25,y25,z25,v25,x26,y26,z26,v26,x27,y27,z27,v27,x28,y28,z28,v28,x29,y29,z29,v29,x30,y30,z30,v30,x31,y31,z31,v31,x32,y32,z32,v32,x33,y33,z33,v33
up,0.530469536781311,0.24648261070251465,-0.5033295750617981,0.9999951124191284,0.5249608755111694,0.18650054931640625,-0.44594940543174744,0.999990701675415,0.5266817212104797,0.18614959716796875,-0.4460445046424866,0.9999940395355225,0.5277237892150879,0.1861049085855484,-0.4458029866218567,0.9999914169311523,0.5048015117645264,0.18343482911586761,-0.5188359022140503,0.9999911785125732,0.4909529685974121,0.18027305603027344,-0.5184885263442993,0.9999923706054688,0.474038690328598,0.1763518899679184,-0.5188454985618591,0.9999867677688599,0.474562406539917,0.20078407227993011,-0.17349395155906677,0.9999915361404419,0.3942300081253052,0.18384146690368652,-0.5078924894332886,0.9999955892562866,0.523154079914093,0.30604103207588196,-0.4005635380744934,0.9999921321868896,0.49898648262023926,0.3009061813354492,-0.4968985915184021,0.9999966621398926,0.5237929821014404,0.5342420935630798,0.010590649209916592,0.9999642372131348,0.1297909915447235,0.5242385864257812,-0.4251609444618225,0.9998565912246704,0.5814737677574158,0.895575761795044,-0.009293903596699238,0.5021542906761169,0.053060561418533325,0.9864621758460999,-0.5776338577270508,0.8213863968849182,0.7126721143722534,0.838540256023407,-0.6148868203163147,0.9442710280418396,0.21257968246936798,0.9795904159545898,-0.9332484006881714,0.8415080904960632,0.7953944802284241,0.8765565156936646,-0.753414511680603,0.9428111910820007,0.26353001594543457,0.968815803527832,-1.024585485458374,0.8327299356460571,0.7997385263442993,0.8311991095542908,-0.7975300550460815,0.9566221237182617,0.2723689675331116,0.9173785448074341,-1.0596970319747925,0.8627143502235413,0.7627637386322021,0.8162320256233215,-0.6624353528022766,0.9541504979133606,0.2597995698451996,0.9106632471084595,-0.9546030163764954,0.8626166582107544,0.4562913477420807,1.1501648426055908,0.11597974598407745,0.02059837430715561,0.19479255378246307,1.1794848442077637,-0.11107704788446426,0.010331965051591396,0.5252084136009216,1.6475849151611328,0.06695874035358429,0.0019067381508648396,0.23783917725086212,1.7492163181304932,-0.12233159691095352,0.0013130533043295145,0.4407031536102295,2.19307017326355,0.3848041594028473,4.676626849686727e-05,0.2052648514509201,2.2649030685424805,0.12572208046913147,1.6827996660140343e-05,0.40553608536720276,2.2787423133850098,0.39187952876091003,8.167837222572416e-05,0.1733325868844986,2.348217248916626,0.13309158384799957,1.625028562557418e-05,0.49188971519470215,2.370856523513794,0.07229939848184586,0.00029547163285315037,0.305588960647583,2.4156765937805176,-0.3107605576515198,7.69759135437198e-05
up,0.4507657587528229,0.2857537567615509,-0.3867075741291046,0.99955153465271,0.47254857420921326,0.24831007421016693,-0.33284085988998413,0.99928879737854,0.48186641931533813,0.2500935196876526,-0.33295106887817383,0.9994193911552429,0.49038854241371155,0.25202086567878723,-0.33325082063674927,0.9994189739227295,0.4408354163169861,0.23945561051368713,-0.352821409702301,0.9990137219429016,0.42946162819862366,0.23532643914222717,-0.3529437184333801,0.9991886615753174,0.4193046987056732,0.23119692504405975,-0.3534749746322632,0.9989709258079529,0.4928738474845886,0.2696165144443512,-0.034820251166820526,0.9995818138122559,0.39580559730529785,0.24322958290576935,-0.11007867008447647,0.9993601441383362,0.46026286482810974,0.3344499170780182,-0.27856573462486267,0.9995010495185852,0.41706007719039917,0.32772889733314514,-0.3011658787727356,0.9992850422859192,0.5751773118972778,0.5418162941932678,0.16948238015174866,0.9997629523277283,0.28114956617355347,0.4770336151123047,-0.1934870183467865,0.9996374845504761,0.6184693574905396,0.8756978511810303,0.17176386713981628,0.9118730425834656,0.24782034754753113,0.5110916495323181,-0.723792552947998,0.9920985102653503,0.8454663157463074,0.8257420063018799,-0.049234624952077866,0.7692127227783203,0.43756309151649475,0.10564097762107849,-1.0888116359710693,0.9879214763641357,0.9257558584213257,0.8181473016738892,-0.08912495523691177,0.5945940017700195,0.46316900849342346,0.05469151586294174,-1.1944019794464111,0.9437161684036255,0.9429086446762085,0.786840558052063,-0.1503031849861145,0.6624831557273865,0.4580463767051697,0.04273839667439461,-1.1332483291625977,0.9376934766769409,0.9117602109909058,0.7879218459129333,-0.09360243380069733,0.7002100348472595,0.4480247497558594,0.07255860418081284,-1.0833786725997925,0.9421064853668213,0.5005313158035278,1.065706729888916,0.05997044965624809,0.4284706115722656,0.3027530610561371,1.0982717275619507,-0.05766187235713005,0.49232378602027893,0.5020743608474731,1.5631566047668457,0.022205373272299767,0.011053049005568027,0.31121814250946045,1.5662349462509155,-0.13720408082008362,0.013499876484274864,0.4600316882133484,2.0023510456085205,0.35483235120773315,0.0006506392965093255,0.29039469361305237,2.0163605213165283,-0.0005319261690601707,0.0007809915696270764,0.4526384472846985,2.0604467391967773,0.3701189160346985,0.001763996435329318,0.2724079489707947,2.08111572265625,-0.002884897403419018,0.0008605420007370412,0.4621356427669525,2.14516544342041,0.03635503351688385,0.0006276100757531822,0.33587467670440674,2.1405246257781982,-0.42837411165237427,0.0006411151262000203
up,0.43655362725257874,0.2683238089084625,-0.5102799534797668,0.9996230602264404,0.4687827229499817,0.23174580931663513,-0.44999489188194275,0.9994568824768066,0.4817802906036377,0.23479615151882172,-0.4502297341823578,0.9995570778846741,0.492718368768692,0.2380041480064392,-0.4505676329135895,0.9995524287223816,0.43394309282302856,0.22477804124355316,-0.46168917417526245,0.9992196559906006,0.42422252893447876,0.22285644710063934,-0.46169954538345337,0.999362587928772,0.4147580564022064,0.22120042145252228,-0.4621775150299072,0.999173104763031,0.5083135366439819,0.25943124294281006,-0.13178910315036774,0.9996840357780457,0.398925244808197,0.23958250880241394,-0.17606644332408905,0.9995229840278625,0.45358768105506897,0.3238234221935272,-0.3968953490257263,0.9996322393417358,0.4083889126777649,0.3123752474784851,-0.4109669625759125,0.9994515776634216,0.5719525218009949,0.5417267680168152,0.05779679864645004,0.99976646900177,0.28848588466644287,0.47434717416763306,-0.20702283084392548,0.9996426701545715,0.6200791597366333,0.8808680176734924,0.1283995360136032,0.9193423390388489,0.2427818775177002,0.4613279700279236,-0.7124701738357544,0.9942060708999634,0.8431954383850098,0.8190833330154419,-0.03361920267343521,0.799146294593811,0.46125608682632446,0.09061338007450104,-1.0132536888122559,0.9905582666397095,0.9147032499313354,0.813349723815918,-0.06377384066581726,0.6344059109687805,0.4925215244293213,0.03081491030752659,-1.1002837419509888,0.9514803886413574,0.9335554242134094,0.7760345339775085,-0.10316620767116547,0.6996051669120789,0.4912036955356598,0.007139040157198906,-1.04692542552948,0.9463064670562744,0.900375247001648,0.780099093914032,-0.06632088124752045,0.73332679271698,0.4763776361942291,0.042874161154031754,-1.0011968612670898,0.950506865978241,0.49742284417152405,1.019045352935791,0.05794026702642441,0.526272714138031,0.31077224016189575,1.028006911277771,-0.05623188614845276,0.5862516164779663,0.5221802592277527,1.5137180089950562,-0.09249955415725708,0.01842169649899006,0.32022255659103394,1.508410930633545,-0.11970176547765732,0.019574958831071854,0.48071855306625366,1.9633383750915527,0.18667809665203094,0.0012377940583974123,0.3222746253013611,1.9643820524215698,0.007530831731855869,0.0013529270654544234,0.47233670949935913,2.0211212635040283,0.19687500596046448,0.0033984559122473,0.31026268005371094,2.0296084880828857,0.004828162025660276,0.0016130871372297406,0.4747946858406067,2.1068215370178223,-0.16622406244277954,0.0007851867703720927,0.35699915885925293,2.082085371017456,-0.41346821188926697,0.0010399892926216125
up,0.4930076003074646,0.2822256088256836,-0.6513530611991882,0.9997719526290894,0.5122123956680298,0.24208445847034454,-0.6019599437713623,0.9996297359466553,0.5227644443511963,0.24601022899150848,-0.6017102003097534,0.9996991157531738,0.5323525667190552,0.2500719428062439,-0.6013333201408386,0.9996774792671204,0.48207592964172363,0.23303094506263733,-0.6191402077674866,0.9995194673538208,0.4708535671234131,0.2292335033416748,-0.6188920736312866,0.9996069073677063,0.4490659236907959,0.22582530975341797,-0.6189807653427124,0.9994989037513733,0.536953330039978,0.26873260736465454,-0.3301178216934204,0.9997588992118835,0.41386231780052185,0.23905238509178162,-0.40650004148483276,0.9997100830078125,0.4955405294895172,0.3406679332256317,-0.5513308048248291,0.9997338056564331,0.4579070508480072,0.328969269990921,-0.5733453035354614,0.9996891617774963,0.5739132761955261,0.5438852310180664,-0.08063744008541107,0.999748706817627,0.24297797679901123,0.5050763487815857,-0.27065566182136536,0.9996717572212219,0.6276081800460815,0.9101937413215637,0.011040093377232552,0.9033934473991394,0.06974230706691742,0.9456793665885925,-0.46937450766563416,0.9862298965454102,0.8816672563552856,0.8049069046974182,-0.32537972927093506,0.847132682800293,0.292516827583313,0.7242396473884583,-0.8950382471084595,0.990161120891571,0.9625932574272156,0.786270022392273,-0.3782940208911896,0.7202880382537842,0.3622455298900604,0.6634566783905029,-0.9642203450202942,0.9543061256408691,0.9746848940849304,0.7535780668258667,-0.4194071888923645,0.765385627746582,0.36223292350769043,0.6133964657783508,-0.9068683385848999,0.9499632120132446,0.9393620491027832,0.763343870639801,-0.3596704304218292,0.7910769581794739,0.34612348675727844,0.6294087767601013,-0.8782366514205933,0.9518459439277649,0.47818464040756226,1.012560248374939,0.05884610861539841,0.32704877853393555,0.2679181396961212,1.0453801155090332,-0.05478687956929207,0.34686794877052307,0.5265288949012756,1.544809341430664,0.08451442420482635,0.0140520129352808,0.2577686607837677,1.5916805267333984,0.016252901405096054,0.012096569873392582,0.46895670890808105,2.004114866256714,0.4896790087223053,0.0008640428422950208,0.24857516586780548,2.0206425189971924,0.3145955502986908,0.0007684566080570221,0.4511471390724182,2.07788348197937,0.507638156414032,0.002352749928832054,0.23521335422992706,2.081928014755249,0.32974347472190857,0.000911433482542634,0.4621662199497223,2.1592001914978027,0.15808513760566711,0.0006489230436272919,0.2906024158000946,2.1679797172546387,-0.10862243175506592,0.0006576790474355221
up,0.48852983117103577,0.28403106331825256,-0.8488136529922485,0.9998499155044556,0.5086688995361328,0.24387454986572266,-0.7977179288864136,0.9997550249099731,0.519476592540741,0.24761046469211578,-0.7971547842025757,0.9998011589050293,0.5292896032333374,0.25149065256118774,-0.7963305115699768,0.9997856616973877,0.4728223383426666,0.23286396265029907,-0.8177545666694641,0.9996833801269531,0.45469537377357483,0.2287161946296692,-0.8176153898239136,0.99974125623703,0.43236494064331055,0.22498485445976257,-0.8175179362297058,0.9996698498725891,0.5334621667861938,0.26975181698799133,-0.48856639862060547,0.999839186668396,0.4002579152584076,0.23978525400161743,-0.5889929533004761,0.9998093247413635,0.49211445450782776,0.34304478764533997,-0.7336093187332153,0.9998229742050171,0.45135498046875,0.32993996143341064,-0.7614880204200745,0.9997954964637756,0.5798555016517639,0.5474498271942139,-0.1647348403930664,0.9998192191123962,0.22885935008525848,0.5243896842002869,-0.41827958822250366,0.9997762441635132,0.6319833993911743,0.9275128245353699,-0.11723433434963226,0.8313002586364746,0.07461324334144592,0.9425895810127258,-0.49070510268211365,0.9629863500595093,0.866153359413147,0.8135531544685364,-0.5939728021621704,0.8897507190704346,0.24968016147613525,0.9144929051399231,-0.9113543629646301,0.9785515666007996,0.9492043256759644,0.7932014465332031,-0.6745555996894836,0.8031488656997681,0.3078165054321289,0.9295136332511902,-0.955398440361023,0.949537992477417,0.9581710696220398,0.7549556493759155,-0.6877436637878418,0.8349397778511047,0.32534825801849365,0.8677161931991577,-0.9753281474113464,0.9497464299201965,0.9168925285339355,0.7630462646484375,-0.6205664873123169,0.8526961207389832,0.3095681071281433,0.8567009568214417,-0.9191144704818726,0.9499295949935913,0.5092458724975586,1.1890103816986084,0.06161043792963028,0.21758687496185303,0.2550559937953949,1.1769013404846191,-0.05673069506883621,0.23037798702716827,0.4715639054775238,1.694628119468689,0.21537479758262634,0.009367159567773342,0.2350882738828659,1.7088748216629028,0.048323243856430054,0.008062315173447132,0.4338363707065582,2.1505095958709717,0.8332618474960327,0.0005724086659029126,0.22096380591392517,2.1516451835632324,0.45383137464523315,0.0005051249754615128,0.4236547350883484,2.232628345489502,0.8708525896072388,0.0015547644579783082,0.19987639784812927,2.2199912071228027,0.48120635747909546,0.0006005680188536644,0.43732619285583496,2.2961347103118896,0.4919796586036682,0.0004494365130085498,0.28117284178733826,2.311708688735962,-0.0111918393522501,0.0004408451495692134
down,0.4571038782596588,0.28230753540992737,-0.6898730397224426,0.9999746680259705,0.47844964265823364,0.2345978319644928,-0.6400501728057861,0.9999577403068542,0.48978346586227417,0.23834480345249176,-0.639663577079773,0.9999658465385437,0.5003083348274231,0.2428620606660843,-0.6390471458435059,0.9999624490737915,0.4356452524662018,0.22300617396831512,-0.659561276435852,0.9999462962150574,0.4157413840293884,0.2192852944135666,-0.6589728593826294,0.9999560713768005,0.399198442697525,0.2157527059316635,-0.6589843034744263,0.9999439120292664,0.5087239146232605,0.2669929265975952,-0.35997599363327026,0.9999712705612183,0.36415719985961914,0.23645974695682526,-0.44717463850975037,0.9999678730964661,0.4717930257320404,0.3434852063655853,-0.587673008441925,0.9999690055847168,0.41890305280685425,0.3311648964881897,-0.6109848618507385,0.9999656081199646,0.5640460252761841,0.5516679286956787,-0.08184076100587845,0.999949038028717,0.21291427314281464,0.5301947593688965,-0.32240960001945496,0.9999423623085022,0.6382251977920532,0.9203230142593384,-0.0056497687473893166,0.8492754697799683,0.06801551580429077,0.955438494682312,-0.4054570198059082,0.9577627182006836,0.8905256986618042,0.8037543892860413,-0.44101110100746155,0.9685088992118835,0.2655702829360962,0.9438355565071106,-0.7286487817764282,0.925364077091217,0.9747903943061829,0.7896444201469421,-0.5169423222541809,0.9473369717597961,0.3315947353839874,0.9691141247749329,-0.7843204140663147,0.8884933590888977,0.9816412925720215,0.750191867351532,-0.5435196161270142,0.9564473032951355,0.35636627674102783,0.9239194393157959,-0.7635043263435364,0.9047425985336304,0.9429011344909668,0.7558925747871399,-0.47344398498535156,0.9604845643043518,0.3340645432472229,0.9031598567962646,-0.7236471176147461,0.9069770574569702,0.46325206756591797,1.0704585313796997,0.053353726863861084,0.048887331038713455,0.22453713417053223,1.1408534049987793,-0.04822153598070145,0.048209283500909805,0.4381776452064514,1.6623561382293701,-0.029024019837379456,0.0020443310495465994,0.2053886204957962,1.6727616786956787,-0.021400634199380875,0.0016365067567676306,0.4022712707519531,2.1326887607574463,0.36728155612945557,0.00011890911991940811,0.17928902804851532,2.120561122894287,0.258174866437912,8.769163832766935e-05,0.3928869068622589,2.2129948139190674,0.3807200491428375,0.000311223411699757,0.15596602857112885,2.1861677169799805,0.2703216075897217,0.00010856926382984966,0.406749427318573,2.274747610092163,-0.007736454252153635,0.0001765685447026044,0.2475419044494629,2.282109022140503,-0.2068263739347458,0.00010651097545633093
down,0.45421266555786133,0.27969464659690857,-0.694322943687439,0.9999862909317017,0.4758349061012268,0.23039346933364868,-0.641156792640686,0.9999765157699585,0.48748287558555603,0.23321685194969177,-0.6407712697982788,0.9999811053276062,0.4978886544704437,0.2358667552471161,-0.6401227712631226,0.99997878074646,0.4319209158420563,0.22200991213321686,-0.6628463268280029,0.9999706745147705,0.41111883521080017,0.21853962540626526,-0.662436306476593,0.9999760985374451,0.39507001638412476,0.21553514897823334,-0.6624679565429688,0.9999694228172302,0.5073394775390625,0.26174578070640564,-0.34971314668655396,0.9999832510948181,0.3612903952598572,0.23702506721019745,-0.44674521684646606,0.9999826550483704,0.47047391533851624,0.3410898447036743,-0.587029218673706,0.9999822378158569,0.4164155125617981,0.33020973205566406,-0.6138180494308472,0.9999814033508301,0.5642706155776978,0.5502031445503235,-0.05928448960185051,0.9999565482139587,0.21215763688087463,0.530582070350647,-0.3354431688785553,0.9999528527259827,0.6339020729064941,0.9179939031600952,0.03562692552804947,0.8435831069946289,0.06515747308731079,0.9651167988777161,-0.42366474866867065,0.9562704563140869,0.8855379819869995,0.8069515824317932,-0.362729549407959,0.9736509919166565,0.2717215418815613,0.9442722201347351,-0.738224983215332,0.9127997756004333,0.9723172187805176,0.8010199666023254,-0.4289794862270355,0.9576308727264404,0.33987051248550415,0.9672698974609375,-0.7924984693527222,0.873131513595581,0.9800979495048523,0.7624502182006836,-0.46893325448036194,0.9653283953666687,0.36286306381225586,0.9237143397331238,-0.7710994482040405,0.8927112817764282,0.9413172602653503,0.7638208866119385,-0.39924484491348267,0.9681956171989441,0.33978480100631714,0.9041467308998108,-0.7310453653335571,0.8931650519371033,0.47069454193115234,1.1682460308074951,0.056962329894304276,0.03252548724412918,0.222032830119133,1.1475223302841187,-0.05186532065272331,0.03067663498222828,0.43360406160354614,1.6709336042404175,0.01673315279185772,0.0013163168914616108,0.20137819647789001,1.6789687871932983,-0.01304269302636385,0.001031838241033256,0.39621081948280334,2.1371967792510986,0.42958348989486694,7.177531369961798e-05,0.17293745279312134,2.126633882522583,0.2715854346752167,4.818095112568699e-05,0.3864749073982239,2.217726469039917,0.4461599886417389,0.00017840192595031112,0.14804375171661377,2.193906545639038,0.2848525941371918,6.0865004343213513e-05,0.40325111150741577,2.2809722423553467,0.06740115582942963,0.00013768098142463714,0.2424938976764679,2.2851343154907227,-0.18798498809337616,7.221769919851795e-05
up,0.6899678707122803,0.15842413902282715,-0.3452608287334442,0.9999879002571106,0.6966404318809509,0.13751846551895142,-0.3316165506839752,0.9999462962150574,0.7000970840454102,0.1370345503091812,-0.33161842823028564,0.9999521970748901,0.703711748123169,0.13648824393749237,-0.3315720558166504,0.9999452233314514,0.68343186378479,0.13928605616092682,-0.3306509256362915,0.9999465346336365,0.6789121627807617,0.14008890092372894,-0.33067384362220764,0.9999492764472961,0.6753798127174377,0.14092139899730682,-0.3306841552257538,0.9999396204948425,0.7099738717079163,0.14237864315509796,-0.2231120765209198,0.9999018907546997,0.6708003878593445,0.14755317568778992,-0.21931906044483185,0.9998711347579956,0.6975685954093933,0.1779971569776535,-0.3027859330177307,0.9999793767929077,0.6829558610916138,0.18051645159721375,-0.3017234206199646,0.9999767541885376,0.7506265044212341,0.26465123891830444,-0.14611253142356873,0.9999722242355347,0.6386138796806335,0.26638925075531006,-0.12581777572631836,0.9999385476112366,0.7670854330062866,0.4068465530872345,-0.09321733564138412,0.9949540495872498,0.6216531991958618,0.411225825548172,-0.06869907677173615,0.9742074012756348,0.7798596024513245,0.5437645316123962,-0.1883077770471573,0.985862135887146,0.6088109612464905,0.542345404624939,-0.15027426183223724,0.9514830112457275,0.7854441404342651,0.5850551128387451,-0.21605442464351654,0.9671193957328796,0.6001514196395874,0.5820887684822083,-0.17617253959178925,0.9122861623764038,0.7802534103393555,0.5847207307815552,-0.2526017427444458,0.9702041745185852,0.6063162684440613,0.5824174284934998,-0.21415318548679352,0.9193969964981079,0.7764186263084412,0.5744345784187317,-0.20406284928321838,0.9659333825111389,0.6119263172149658,0.5718788504600525,-0.16738983988761902,0.9114874601364136,0.7208033204078674,0.5475407242774963,-0.0056040044873952866,0.9995883703231812,0.6596744060516357,0.5450332760810852,0.005540390498936176,0.9996213316917419,0.7218678593635559,0.7321895360946655,0.042628753930330276,0.9914335012435913,0.6558534502983093,0.7236170172691345,0.03115111216902733,0.9935771226882935,0.7334343194961548,0.9057027101516724,0.1926068216562271,0.9924729466438293,0.6429991126060486,0.9081411957740784,0.1913173496723175,0.9911137819290161,0.7303762435913086,0.9289268851280212,0.19926480948925018,0.909386157989502,0.6472955346107483,0.9337279200553894,0.19946064054965973,0.8929754495620728,0.7357781529426575,0.9673988819122314,0.06726299971342087,0.9863327741622925,0.6366752982139587,0.9648011326789856,0.07036637514829636,0.9834192991256714
up,0.6894036531448364,0.16580359637737274,-0.37235867977142334,0.9999905228614807,0.6964589953422546,0.14386843144893646,-0.3605819046497345,0.9999573230743408,0.7004172801971436,0.14284461736679077,-0.3605496287345886,0.9999616146087646,0.7039239406585693,0.14226888120174408,-0.36047297716140747,0.9999553561210632,0.6828038692474365,0.14619044959545135,-0.3594725430011749,0.9999581575393677,0.6786784529685974,0.14697478711605072,-0.35951241850852966,0.9999604225158691,0.6748708486557007,0.14775320887565613,-0.3595186471939087,0.9999526143074036,0.7107438445091248,0.14786235988140106,-0.25746241211891174,0.9999191164970398,0.6708415746688843,0.15382543206214905,-0.254154235124588,0.9999010562896729,0.6976438164710999,0.18364891409873962,-0.3312326669692993,0.9999836683273315,0.6825716495513916,0.18659986555576324,-0.33004969358444214,0.9999820590019226,0.7519396543502808,0.2713637351989746,-0.17907357215881348,0.9999765157699585,0.637856662273407,0.27535122632980347,-0.16960574686527252,0.9999498724937439,0.7675468325614929,0.4216420352458954,-0.12191319465637207,0.9953992962837219,0.6204221248626709,0.4278847575187683,-0.12052615731954575,0.9771534204483032,0.7795115113258362,0.5626446008682251,-0.20179793238639832,0.9895971417427063,0.6086781024932861,0.5657959580421448,-0.1851355880498886,0.957317590713501,0.7845295071601868,0.5998247265815735,-0.22549214959144592,0.9750722050666809,0.5995924472808838,0.6028222441673279,-0.2088564783334732,0.9223321080207825,0.7781242728233337,0.6002515554428101,-0.2587796449661255,0.9775102734565735,0.6066815853118896,0.6039773225784302,-0.24342218041419983,0.9283778071403503,0.7741152048110962,0.5882552862167358,-0.2157539278268814,0.9741328954696655,0.6125178933143616,0.5904761552810669,-0.20034705102443695,0.9214829206466675,0.7217979431152344,0.5551409125328064,-0.0064814211800694466,0.999677300453186,0.6596565842628479,0.5516241788864136,0.006376295816153288,0.9996973276138306,0.7224929928779602,0.7332761287689209,0.0719982236623764,0.9928907155990601,0.6541727185249329,0.7243961691856384,0.06778120249509811,0.9947740435600281,0.7334661483764648,0.903593122959137,0.23519717156887054,0.993991494178772,0.6430205702781677,0.9075915217399597,0.24150514602661133,0.992266833782196,0.7294868230819702,0.9260287880897522,0.24434871971607208,0.9266026020050049,0.6471739411354065,0.9324972033500671,0.25278240442276,0.9067572355270386,0.735934317111969,0.9672800898551941,0.1305694282054901,0.9890620112419128,0.6358912587165833,0.9656243324279785,0.14300169050693512,0.9853277802467346
up,0.6894025802612305,0.17347176373004913,-0.37916699051856995,0.999991238117218,0.6964424252510071,0.15136680006980896,-0.36767444014549255,0.9999604821205139,0.7003763914108276,0.1503995805978775,-0.36762094497680664,0.9999642968177795,0.7038441896438599,0.14980149269104004,-0.3675246834754944,0.9999584555625916,0.6828241944313049,0.15357059240341187,-0.36738529801368713,0.9999613761901855,0.6786889433860779,0.15391167998313904,-0.3674395978450775,0.9999635219573975,0.6748819947242737,0.15409265458583832,-0.36744025349617004,0.9999564290046692,0.7104605436325073,0.1549237072467804,-0.2664472460746765,0.9999244809150696,0.670840859413147,0.16059425473213196,-0.2664119601249695,0.9999093413352966,0.6976372003555298,0.19039501249790192,-0.33904388546943665,0.9999848008155823,0.6825383901596069,0.19385400414466858,-0.33883172273635864,0.9999834299087524,0.7518638372421265,0.27722588181495667,-0.18537260591983795,0.9999772310256958,0.6374779343605042,0.2831445336341858,-0.18699292838573456,0.9999533891677856,0.7675506472587585,0.4266931414604187,-0.12500330805778503,0.9953618049621582,0.6204135417938232,0.4349694550037384,-0.14296607673168182,0.978776752948761,0.7793110609054565,0.5695088505744934,-0.19796130061149597,0.9897199273109436,0.6087243556976318,0.5712391138076782,-0.20301038026809692,0.9601387977600098,0.7845175862312317,0.6062026619911194,-0.21903571486473083,0.9752938151359558,0.5996026396751404,0.6091054081916809,-0.22605107724666595,0.9268155694007874,0.7781480550765991,0.6072160601615906,-0.2514864504337311,0.977687656879425,0.6067928671836853,0.6102321743965149,-0.25913339853286743,0.9325355887413025,0.7740980982780457,0.5948845148086548,-0.2115657925605774,0.9745448231697083,0.6126989722251892,0.596497118473053,-0.21742482483386993,0.9261563420295715,0.7218018770217896,0.5558207035064697,-0.005908564664423466,0.9996903538703918,0.6595677733421326,0.5522171854972839,0.005789927206933498,0.999713659286499,0.723163366317749,0.7322730422019958,0.06863640993833542,0.9929806590080261,0.6538072228431702,0.7241615056991577,0.06393421441316605,0.9948219060897827,0.7335634231567383,0.9032461047172546,0.232900008559227,0.994085431098938,0.6430352330207825,0.9075995087623596,0.2351391613483429,0.9923880100250244,0.7294796705245972,0.9259888529777527,0.2418905645608902,0.9276118874549866,0.647258996963501,0.932553231716156,0.24597062170505524,0.9083956480026245,0.7361456751823425,0.9671519994735718,0.1212322860956192,0.9892090559005737,0.6359357833862305,0.9656931757926941,0.12978284060955048,0.9855268597602844
up,0.6893875598907471,0.17545484006404877,-0.38257816433906555,0.999991774559021,0.6963819265365601,0.15379402041435242,-0.3713380992412567,0.999963104724884,0.7003059983253479,0.15281875431537628,-0.3712809979915619,0.9999665021896362,0.7037365436553955,0.15219266712665558,-0.3711925745010376,0.9999609589576721,0.682826817035675,0.15597712993621826,-0.3708702325820923,0.9999641180038452,0.6786901354789734,0.15645793080329895,-0.37093067169189453,0.9999661445617676,0.674881637096405,0.15677061676979065,-0.3709345757961273,0.9999596476554871,0.7102463245391846,0.1571262925863266,-0.27103832364082336,0.9999287128448486,0.6708425283432007,0.16310018301010132,-0.27004459500312805,0.9999163150787354,0.6976108551025391,0.19215020537376404,-0.34280526638031006,0.9999857544898987,0.6825159192085266,0.19587922096252441,-0.3423953652381897,0.999984622001648,0.751856803894043,0.2801874279975891,-0.19111578166484833,0.9999777674674988,0.6373709440231323,0.28518572449684143,-0.19007280468940735,0.9999564290046692,0.7675446271896362,0.4294315278530121,-0.13177916407585144,0.99534010887146,0.6203275322914124,0.4373649060726166,-0.14619086682796478,0.9801438450813293,0.77898770570755,0.570955753326416,-0.19910234212875366,0.9898888468742371,0.6087251901626587,0.573051929473877,-0.20603425800800323,0.962555468082428,0.784445583820343,0.6078352928161621,-0.21957997977733612,0.9756498336791992,0.5996080040931702,0.6109458804130554,-0.22938531637191772,0.9306455850601196,0.7781296968460083,0.6089831590652466,-0.252285361289978,0.9779813289642334,0.6068883538246155,0.6122769117355347,-0.2617926001548767,0.9360603094100952,0.773941159248352,0.5964327454566956,-0.21255475282669067,0.9749888777732849,0.612852931022644,0.5986547470092773,-0.22018159925937653,0.9300784468650818,0.7218037843704224,0.5562823414802551,-0.005714985076338053,0.9997040033340454,0.6595184206962585,0.5524219274520874,0.005580163560807705,0.9997296333312988,0.7234553694725037,0.7322753071784973,0.07014147937297821,0.9930377006530762,0.6533832550048828,0.7242348790168762,0.06546632200479507,0.9948777556419373,0.733605682849884,0.9027124643325806,0.23061543703079224,0.9941760897636414,0.6430372595787048,0.9075120687484741,0.23328523337841034,0.9925263524055481,0.7294747233390808,0.925543487071991,0.23940198123455048,0.9284200668334961,0.6472844481468201,0.9323506951332092,0.24387678503990173,0.9096571803092957,0.7365254163742065,0.9671905636787415,0.12653103470802307,0.9894065260887146,0.6359972357749939,0.9657842516899109,0.13463273644447327,0.9857987761497498
up,0.6893609166145325,0.18263694643974304,-0.3937831521034241,0.9999923706054688,0.6962169408798218,0.16037918627262115,-0.3822816014289856,0.9999658465385437,0.7001245617866516,0.1595914363861084,-0.3822135329246521,0.9999688863754272,0.7034347653388977,0.1590956598520279,-0.3821057081222534,0.9999637007713318,0.6828309297561646,0.16216950118541718,-0.3822632133960724,0.9999669194221497,0.6787022948265076,0.16222071647644043,-0.3823299705982208,0.9999688267707825,0.6748847365379333,0.16211624443531036,-0.38233059644699097,0.9999629259109497,0.7098662853240967,0.1652081161737442,-0.2811301648616791,0.9999334812164307,0.6708424091339111,0.16908591985702515,-0.2824241518974304,0.9999232292175293,0.6975193023681641,0.20059217512607574,-0.3539448082447052,0.9999867677688599,0.6824073791503906,0.20329822599887848,-0.3541807532310486,0.9999858140945435,0.75168377161026,0.28745728731155396,-0.20012237131595612,0.9999785423278809,0.6369541883468628,0.2915441393852234,-0.1993415355682373,0.9999594688415527,0.7675642371177673,0.4377104640007019,-0.1392659693956375,0.9954212307929993,0.6203240156173706,0.44181448221206665,-0.15353281795978546,0.9815154075622559,0.7789313793182373,0.5780721306800842,-0.20591549575328827,0.9901469349861145,0.608635663986206,0.576796293258667,-0.2164188027381897,0.9649439454078674,0.7844415903091431,0.6138960719108582,-0.22723644971847534,0.9760991334915161,0.599473774433136,0.6138580441474915,-0.2401137351989746,0.9344668388366699,0.7781223058700562,0.6143080592155457,-0.25954538583755493,0.9783638715744019,0.6069017648696899,0.6149540543556213,-0.27342167496681213,0.9396165609359741,0.7738599181175232,0.602077841758728,-0.21953193843364716,0.9755710959434509,0.6129266023635864,0.601942777633667,-0.23094555735588074,0.9340546727180481,0.7219328284263611,0.5566691756248474,-0.005459605250507593,0.9997159838676453,0.6595993638038635,0.5527370572090149,0.005319666583091021,0.999744713306427,0.7244366407394409,0.732557475566864,0.07398632913827896,0.9931880831718445,0.6527014374732971,0.7246113419532776,0.0637526735663414,0.9949933886528015,0.7336538434028625,0.9027063846588135,0.23478436470031738,0.9943090081214905,0.643014669418335,0.9073688387870789,0.23013275861740112,0.9927091002464294,0.7294819355010986,0.9255139827728271,0.24358250200748444,0.9294620156288147,0.6472880840301514,0.9319125413894653,0.2403908520936966,0.911189615726471,0.7367648482322693,0.9677031636238098,0.13275589048862457,0.9896693229675293,0.6360026001930237,0.9658427834510803,0.12911388278007507,0.9861553311347961
up,0.688910722732544,0.19179847836494446,-0.39044344425201416,0.9999926686286926,0.6955357193946838,0.16958387196063995,-0.3791649639606476,0.9999675154685974,0.6995266079902649,0.16865552961826324,-0.37910646200180054,0.9999702572822571,0.7027409076690674,0.16809147596359253,-0.37900760769844055,0.9999654293060303,0.6827102899551392,0.1709018051624298,-0.37916165590286255,0.9999688863754272,0.6786834001541138,0.1707128882408142,-0.3792363107204437,0.9999706745147705,0.6748670935630798,0.17045588791370392,-0.3792460858821869,0.9999653100967407,0.7092666625976562,0.1745716631412506,-0.28102901577949524,0.9999358654022217,0.6708807349205017,0.17720699310302734,-0.281951904296875,0.9999284744262695,0.6969673037528992,0.21110518276691437,-0.3515511155128479,0.9999873638153076,0.6820833086967468,0.21235597133636475,-0.3516804575920105,0.9999866485595703,0.7515141367912292,0.2938944697380066,-0.20215384662151337,0.9999784827232361,0.6368073225021362,0.2979035973548889,-0.20211561024188995,0.9999616146087646,0.7674425840377808,0.4420722424983978,-0.14639638364315033,0.9954211115837097,0.6203206777572632,0.4469676911830902,-0.1569763869047165,0.982768177986145,0.7786079049110413,0.5832463502883911,-0.2038593590259552,0.9900057315826416,0.6086341142654419,0.5845663547515869,-0.20991401374340057,0.9667617678642273,0.7843226790428162,0.6191969513893127,-0.22002381086349487,0.9755431413650513,0.599504828453064,0.6190417408943176,-0.23119297623634338,0.936981737613678,0.7779316306114197,0.6195775270462036,-0.24931544065475464,0.9778543710708618,0.6067491769790649,0.6200180649757385,-0.2640484869480133,0.9420455098152161,0.7734806537628174,0.6077002286911011,-0.215586856007576,0.9753729104995728,0.612855076789856,0.608266294002533,-0.22373810410499573,0.9369983673095703,0.7219728231430054,0.5565877556800842,-0.00480270478874445,0.9997092485427856,0.6595867872238159,0.5524851679801941,0.004679999314248562,0.999744713306427,0.7251970767974854,0.7306921482086182,0.03209100291132927,0.9929071664810181,0.6519076824188232,0.7237197160720825,0.013967962004244328,0.9947612285614014,0.7336633205413818,0.9027441143989563,0.15008506178855896,0.9941325187683105,0.6429334878921509,0.906574547290802,0.13800498843193054,0.9925073981285095,0.7294677495956421,0.9256612658500671,0.15441261231899261,0.9274952411651611,0.647300124168396,0.9303044676780701,0.1442919224500656,0.9088374972343445,0.7367663979530334,0.9676600694656372,0.04660706967115402,0.9893216490745544,0.6360720992088318,0.965850293636322,0.037513669580221176,0.9858865141868591
up,0.6880677342414856,0.20398317277431488,-0.393259733915329,0.9999927878379822,0.6945753693580627,0.18121396005153656,-0.3828125298023224,0.9999686479568481,0.6987704634666443,0.18003958463668823,-0.3827470541000366,0.9999710917472839,0.7020991444587708,0.17894157767295837,-0.38266050815582275,0.9999666213989258,0.682260274887085,0.18253284692764282,-0.38275450468063354,0.9999703764915466,0.6784759759902954,0.18212103843688965,-0.3828366994857788,0.9999721050262451,0.6746789813041687,0.18173766136169434,-0.382852166891098,0.9999673366546631,0.708827018737793,0.1835920214653015,-0.2886388897895813,0.9999371767044067,0.6708875894546509,0.18694351613521576,-0.2883772850036621,0.9999327659606934,0.6963316798210144,0.22333811223506927,-0.35569366812705994,0.999987781047821,0.6816946268081665,0.2251613587141037,-0.35552945733070374,0.9999873042106628,0.751499354839325,0.30343249440193176,-0.21046996116638184,0.9999777674674988,0.6366835832595825,0.3057026267051697,-0.21024242043495178,0.9999632835388184,0.7673683166503906,0.4500376880168915,-0.15712933242321014,0.9953448176383972,0.6202594637870789,0.45584380626678467,-0.16630572080612183,0.9837876558303833,0.7782071232795715,0.5922994017601013,-0.20381976664066315,0.9895166158676147,0.6086373925209045,0.5915727019309998,-0.21397413313388824,0.9680293798446655,0.783944845199585,0.6279562711715698,-0.22007633745670319,0.9743058085441589,0.5993941426277161,0.6259836554527283,-0.23399618268013,0.9385263323783875,0.7774832248687744,0.6290956735610962,-0.2491120547056198,0.976699948310852,0.6065369248390198,0.6271206736564636,-0.2644612789154053,0.9435635209083557,0.7730139493942261,0.6177295446395874,-0.21554800868034363,0.9745290279388428,0.6128121614456177,0.6160140633583069,-0.2269285023212433,0.938991904258728,0.7221071720123291,0.5568385720252991,-0.004563744179904461,0.9997034668922424,0.6595867276191711,0.5524826049804688,0.0044447327964007854,0.9997467994689941,0.726037859916687,0.7310475707054138,0.03037460893392563,0.9926371574401855,0.6511186957359314,0.7236298322677612,0.00967039167881012,0.9945857524871826,0.7335907220840454,0.9028826951980591,0.14903275668621063,0.9939943552017212,0.642861545085907,0.9065402746200562,0.13276876509189606,0.9924231171607971,0.7294462323188782,0.9256869554519653,0.15344350039958954,0.9245558381080627,0.6473022699356079,0.9303247332572937,0.1392473429441452,0.9073209166526794,0.7367565631866455,0.968144416809082,0.04685468599200249,0.9890111088752747,0.6360539793968201,0.9653593897819519,0.03591371700167656,0.9858302474021912
up,0.6873200535774231,0.21663276851177216,-0.29816851019859314,0.9999931454658508,0.6939009428024292,0.19400088489055634,-0.29177939891815186,0.9999698996543884,0.698300302028656,0.19276712834835052,-0.29175642132759094,0.9999722242355347,0.7016729712486267,0.1915229707956314,-0.2917008399963379,0.9999681711196899,0.6817702651023865,0.1946079134941101,-0.29030144214630127,0.9999718070030212,0.6781317591667175,0.1939494013786316,-0.29039889574050903,0.9999735951423645,0.6743662357330322,0.19336076080799103,-0.2904565930366516,0.9999692440032959,0.7087366580963135,0.19366104900836945,-0.22791041433811188,0.9999387860298157,0.6708900332450867,0.19668187201023102,-0.2209179848432541,0.9999369382858276,0.6957980990409851,0.2362484335899353,-0.2731268107891083,0.9999884366989136,0.6813046932220459,0.23860786855220795,-0.27115121483802795,0.9999881386756897,0.7515770792961121,0.3141635060310364,-0.18839310109615326,0.9999759197235107,0.6366795301437378,0.31464317440986633,-0.17855535447597504,0.9999638795852661,0.7670270800590515,0.46271780133247375,-0.15077894926071167,0.9950107932090759,0.6202611327171326,0.46591463685035706,-0.15436817705631256,0.9848940968513489,0.7776440382003784,0.6035139560699463,-0.17268577218055725,0.986965000629425,0.6088306307792664,0.601747453212738,-0.16247773170471191,0.9689863920211792,0.7833032608032227,0.6380212903022766,-0.1806250512599945,0.9699855446815491,0.5994770526885986,0.6331414580345154,-0.17211611568927765,0.9400348663330078,0.7765789031982422,0.6382609605789185,-0.20173686742782593,0.9723607897758484,0.6065357327461243,0.6333534717559814,-0.1930992752313614,0.9448515176773071,0.7721935510635376,0.6279981136322021,-0.18059201538562775,0.9704922437667847,0.6128123998641968,0.6240937113761902,-0.17093028128147125,0.9405921101570129,0.7229372262954712,0.5567970871925354,-0.004951768089085817,0.9997039437294006,0.659955620765686,0.5523175597190857,0.004796286579221487,0.9997477531433105,0.7273877263069153,0.7308484315872192,-0.01085619069635868,0.9919782876968384,0.6511669158935547,0.723608136177063,-0.006009778007864952,0.9941977858543396,0.7335667014122009,0.9028807878494263,0.04171277955174446,0.9936356544494629,0.6429262757301331,0.9065254926681519,0.053374048322439194,0.9920293688774109,0.7294269800186157,0.9256292581558228,0.03997892886400223,0.9189473986625671,0.6478720307350159,0.9303285479545593,0.053669143468141556,0.9015287160873413,0.7365683913230896,0.968747615814209,-0.043982818722724915,0.9883667230606079,0.6360565423965454,0.9653646945953369,-0.022465789690613747,0.9853979349136353
up,0.6871668100357056,0.21915693581104279,-0.3672081530094147,0.9999927878379822,0.6936909556388855,0.1967656910419464,-0.35645797848701477,0.9999684691429138,0.6981181502342224,0.195295512676239,-0.35645076632499695,0.9999707341194153,0.7014839053153992,0.1938210427761078,-0.3564384877681732,0.9999669790267944,0.6817014217376709,0.19829070568084717,-0.35573068261146545,0.9999710321426392,0.67811119556427,0.19776418805122375,-0.3558771014213562,0.9999730587005615,0.674352765083313,0.19719615578651428,-0.35596001148223877,0.9999692440032959,0.7085292339324951,0.19627468287944794,-0.2725384533405304,0.9999350905418396,0.6709172129631042,0.20058171451091766,-0.2682623565196991,0.9999374151229858,0.6956890821456909,0.23824530839920044,-0.33505406975746155,0.9999881386756897,0.681239664554596,0.2408394068479538,-0.33393973112106323,0.9999881386756897,0.7516117095947266,0.3159638047218323,-0.20866870880126953,0.9999737739562988,0.6366726160049438,0.3175922632217407,-0.2038659006357193,0.9999644160270691,0.7662996053695679,0.4632345736026764,-0.1716194599866867,0.9945920705795288,0.6202407479286194,0.46796897053718567,-0.17068590223789215,0.9858494997024536,0.777080237865448,0.6062456965446472,-0.20732378959655762,0.9836961627006531,0.6096267700195312,0.6031737327575684,-0.20626237988471985,0.9692125916481018,0.7825539708137512,0.6401134729385376,-0.21842743456363678,0.9631888270378113,0.6008318066596985,0.6339690089225769,-0.22174429893493652,0.939260721206665,0.7760387659072876,0.6401329040527344,-0.24043241143226624,0.9658761620521545,0.6076079607009888,0.6339712738990784,-0.24310755729675293,0.9440992474555969,0.7717387080192566,0.6299193501472473,-0.21659062802791595,0.9642313122749329,0.6136552095413208,0.6245396733283997,-0.21568197011947632,0.9398683905601501,0.7235549688339233,0.556667685508728,-0.0032279551960527897,0.9996956586837769,0.660471498966217,0.5516728758811951,0.0030975101981312037,0.9997420907020569,0.7286930680274963,0.7307884693145752,-0.08602538704872131,0.9908835887908936,0.6511763334274292,0.7222962975502014,-0.08352717012166977,0.9934977293014526,0.7335377931594849,0.9038070440292358,0.014845994301140308,0.9926882386207581,0.6429272890090942,0.9066196084022522,0.01492820493876934,0.9913626909255981,0.7294692397117615,0.9262423515319824,0.017266903072595596,0.9112989902496338,0.6480893492698669,0.9305803179740906,0.018072718754410744,0.8949808478355408,0.736568033695221,0.9691897034645081,-0.09540808945894241,0.9868746995925903,0.6356754899024963,0.9657947421073914,-0.0909004658460617,0.9845688343048096
up,0.6870560050010681,0.22614982724189758,-0.46210071444511414,0.999992847442627,0.6936255693435669,0.20427680015563965,-0.44898006319999695,0.9999693036079407,0.6980932354927063,0.20317736268043518,-0.4489663243293762,0.9999713897705078,0.7014338970184326,0.20209763944149017,-0.4489755630493164,0.9999679923057556,0.6815042495727539,0.20482300221920013,-0.4467901885509491,0.9999716877937317,0.6779127717018127,0.20425447821617126,-0.4469228982925415,0.999973714351654,0.6741655468940735,0.20381459593772888,-0.446962833404541,0.9999703764915466,0.7085338830947876,0.20431751012802124,-0.34455204010009766,0.9999374151229858,0.6709179282188416,0.2075178325176239,-0.3339129388332367,0.9999402165412903,0.6956511735916138,0.2454659640789032,-0.4214387536048889,0.9999886155128479,0.681108832359314,0.24806654453277588,-0.4184451699256897,0.9999886155128479,0.7518841028213501,0.3275541365146637,-0.2534072995185852,0.9999735951423645,0.6366366744041443,0.32733312249183655,-0.24114347994327545,0.9999662041664124,0.7655166387557983,0.4749467670917511,-0.2129346877336502,0.9942255616188049,0.6202396154403687,0.47773489356040955,-0.19950662553310394,0.9867573976516724,0.7764195203781128,0.6155104041099548,-0.26699063181877136,0.9794166684150696,0.609597384929657,0.6136589050292969,-0.2552916407585144,0.9691945314407349,0.7824991941452026,0.646959125995636,-0.28705155849456787,0.9532067179679871,0.6009619832038879,0.6415964961051941,-0.27682897448539734,0.9373458623886108,0.7760494947433472,0.6468708515167236,-0.31569716334342957,0.9564911127090454,0.6076146364212036,0.6415768265724182,-0.30614057183265686,0.9423356056213379,0.7717519402503967,0.6372970938682556,-0.2789373993873596,0.9546286463737488,0.6136404275894165,0.633491039276123,-0.2679724097251892,0.9378969073295593,0.7241888046264648,0.5552343726158142,-0.0018701973604038358,0.9997072815895081,0.6608127951622009,0.5494663715362549,0.001767931622453034,0.9997480511665344,0.7298668026924133,0.724946141242981,-0.1971486657857895,0.98958420753479,0.6510142087936401,0.7121481895446777,-0.1676587462425232,0.9923408031463623,0.7335422039031982,0.9039099216461182,-0.06437446922063828,0.9914044737815857,0.6429767608642578,0.90631103515625,-0.04511382430791855,0.9900839924812317,0.7295044660568237,0.9262417554855347,-0.059244148433208466,0.9067137837409973,0.6482310891151428,0.9306852221488953,-0.04052649438381195,0.8891249299049377,0.7365512847900391,0.9697872400283813,-0.19904597103595734,0.9850972890853882,0.6357280015945435,0.9656313061714172,-0.17774851620197296,0.9831663370132446
up,0.6870624423027039,0.23370160162448883,-0.47093290090560913,0.9999927878379822,0.6936368346214294,0.21153196692466736,-0.45678597688674927,0.9999698400497437,0.698115885257721,0.21040697395801544,-0.45677831768989563,0.9999717473983765,0.701440691947937,0.20977501571178436,-0.4567963182926178,0.9999687671661377,0.6814983487129211,0.21258656680583954,-0.4556093215942383,0.9999720454216003,0.6779064536094666,0.21219751238822937,-0.45574426651000977,0.9999741315841675,0.6741431951522827,0.21209269762039185,-0.45578232407569885,0.9999712109565735,0.7085736393928528,0.2115911990404129,-0.34850946068763733,0.9999389052391052,0.6709197163581848,0.21482513844966888,-0.3423840403556824,0.999942421913147,0.6956712007522583,0.25201714038848877,-0.42903220653533936,0.9999889731407166,0.6810925006866455,0.25558149814605713,-0.4273344874382019,0.9999889731407166,0.7521423697471619,0.3357066214084625,-0.25426360964775085,0.9999730587005615,0.6358581185340881,0.3394358158111572,-0.2508467733860016,0.9999673366546631,0.7652793526649475,0.48243606090545654,-0.2174987643957138,0.9937968254089355,0.6202606558799744,0.4861341714859009,-0.21523763239383698,0.9875524640083313,0.7762762308120728,0.6224034428596497,-0.27747729420661926,0.9750121235847473,0.6095645427703857,0.6252765655517578,-0.27516427636146545,0.9685288071632385,0.7825095653533936,0.6540765166282654,-0.298913836479187,0.9430369138717651,0.6011000871658325,0.6526126265525818,-0.2984315752983093,0.9341943860054016,0.7761841416358948,0.6546216011047363,-0.3280585706233978,0.9470968246459961,0.6075460314750671,0.6528385877609253,-0.3286886513233185,0.9395650625228882,0.771787703037262,0.6439230442047119,-0.2900065779685974,0.9451086521148682,0.6135143637657166,0.6440508365631104,-0.2884341776371002,0.9350970983505249,0.7248595356941223,0.5554704666137695,0.00027668802067637444,0.9997198581695557,0.6610456705093384,0.5494694709777832,-0.00033557190909050405,0.9997557997703552,0.7308984398841858,0.7208619713783264,-0.2127472460269928,0.9884546995162964,0.6510400176048279,0.7084792256355286,-0.19286152720451355,0.9913137555122375,0.7335644960403442,0.903947114944458,-0.07862012833356857,0.9902971386909485,0.6429792046546936,0.9061459898948669,-0.06959211081266403,0.9889253973960876,0.7295141816139221,0.9262396693229675,-0.07306767255067825,0.9041383266448975,0.6482309103012085,0.9308204650878906,-0.0647052600979805,0.884630024433136,0.7365738749504089,0.9699832201004028,-0.21541541814804077,0.9836434125900269,0.6361767053604126,0.9650034308433533,-0.2072095423936844,0.9819357395172119
down,0.689882218837738,0.40184256434440613,-0.7351685762405396,0.9999926090240479,0.696391761302948,0.3828448951244354,-0.7164579033851624,0.9999797940254211,0.7001206278800964,0.3815123736858368,-0.7164637446403503,0.9999776482582092,0.7039064168930054,0.37964609265327454,-0.7166168689727783,0.9999784827232361,0.683816134929657,0.383604496717453,-0.7157090306282043,0.9999769926071167,0.6795510053634644,0.3826441466808319,-0.7157993316650391,0.999975860118866,0.6753979921340942,0.38111594319343567,-0.7158048152923584,0.999975860118866,0.710727334022522,0.3741407096385956,-0.5722459554672241,0.9999656677246094,0.6709399819374084,0.37745586037635803,-0.5690497756004333,0.9999662637710571,0.6965428590774536,0.41910043358802795,-0.6782446503639221,0.9999940991401672,0.6824274659156799,0.421710342168808,-0.6773344874382019,0.9999934434890747,0.7505829930305481,0.4751110374927521,-0.4260059595108032,0.9999853372573853,0.6325193643569946,0.47056543827056885,-0.41116347908973694,0.9999660849571228,0.7664154171943665,0.6184301376342773,-0.42270222306251526,0.9929453730583191,0.6134824752807617,0.6138341426849365,-0.4118792414665222,0.9900166392326355,0.7738229632377625,0.7434130907058716,-0.511642336845398,0.9693869948387146,0.6056628823280334,0.7357487678527832,-0.5097488760948181,0.9596011638641357,0.7823088765144348,0.7744330167770386,-0.5518118739128113,0.9268426895141602,0.5969074368476868,0.7686001658439636,-0.5509274005889893,0.9079553484916687,0.7747725248336792,0.776936411857605,-0.5787744522094727,0.9315239787101746,0.6053364276885986,0.7686790823936462,-0.5837231278419495,0.914125382900238,0.7706844806671143,0.7658392786979675,-0.5248310565948486,0.9211563467979431,0.6095001101493835,0.7560206651687622,-0.5263458490371704,0.9056190252304077,0.7247048020362854,0.5719354152679443,0.0001747285423334688,0.999934732913971,0.6605366468429565,0.5710881948471069,-4.29837018600665e-05,0.999923050403595,0.7420709729194641,0.7299942374229431,-0.361423134803772,0.9735929369926453,0.6352553963661194,0.720621645450592,-0.34193554520606995,0.9744577407836914,0.7340961694717407,0.9098420739173889,-0.1374068409204483,0.974030077457428,0.6408824324607849,0.9055752754211426,-0.11964578926563263,0.9766584038734436,0.7294012308120728,0.933344841003418,-0.12748949229717255,0.8433082699775696,0.647059440612793,0.9309365153312683,-0.10427764803171158,0.861206591129303,0.7393537163734436,0.9746439456939697,-0.2989198863506317,0.9605678915977478,0.6297187209129333,0.9687551856040955,-0.2769630253314972,0.9640118479728699
down,0.6887502074241638,0.4804457426071167,-0.6772117614746094,0.9999919533729553,0.6950644254684448,0.4619799852371216,-0.661986768245697,0.9999830722808838,0.6988735795021057,0.46035510301589966,-0.662007212638855,0.9999787211418152,0.702333390712738,0.45889371633529663,-0.6621840596199036,0.9999814629554749,0.6826860308647156,0.46305057406425476,-0.6600901484489441,0.9999733567237854,0.6783984303474426,0.4617960751056671,-0.660106897354126,0.9999661445617676,0.6750864386558533,0.4604834020137787,-0.6600885391235352,0.9999656677246094,0.7093058824539185,0.45222532749176025,-0.5381177067756653,0.9999696016311646,0.6704065203666687,0.4558901786804199,-0.5292977690696716,0.999946653842926,0.6953095197677612,0.49642837047576904,-0.6278821229934692,0.9999959468841553,0.6816306710243225,0.4980299770832062,-0.6252872347831726,0.999994695186615,0.7441912889480591,0.5394240617752075,-0.4101351797580719,0.9999906420707703,0.6349202394485474,0.5375959277153015,-0.386121928691864,0.9998884201049805,0.7603394389152527,0.6935268640518188,-0.43100491166114807,0.9951122403144836,0.6161519885063171,0.6851233839988708,-0.3927087187767029,0.9825270175933838,0.768467128276825,0.8125966191291809,-0.5099427103996277,0.9767867922782898,0.6066157221794128,0.8124818205833435,-0.4748995900154114,0.9264808297157288,0.7767355442047119,0.846646249294281,-0.5497732758522034,0.9421336054801941,0.5966925024986267,0.8433703780174255,-0.5106185078620911,0.8518637418746948,0.7680693864822388,0.8490245938301086,-0.5718818306922913,0.9459353685379028,0.6067138314247131,0.8476208448410034,-0.5388143658638,0.8578253984451294,0.7627472281455994,0.8373124003410339,-0.5206557512283325,0.9312615394592285,0.6128323674201965,0.8369433283805847,-0.4885379672050476,0.8311401605606079,0.7150024771690369,0.6124372482299805,-7.457226456608623e-05,0.9999687671661377,0.659649670124054,0.6109119653701782,0.00018103286856785417,0.9999162554740906,0.7469342350959778,0.7289214134216309,-0.34768444299697876,0.946219801902771,0.6283791661262512,0.7314863801002502,-0.32387250661849976,0.9459851980209351,0.7355058789253235,0.9032734632492065,-0.10023203492164612,0.948524534702301,0.6388030648231506,0.9029836058616638,-0.08803730458021164,0.9679166674613953,0.7306641340255737,0.9209631681442261,-0.08340020477771759,0.7716406583786011,0.6455251574516296,0.9231792092323303,-0.07170695811510086,0.8318120241165161,0.7401827573776245,0.9679880738258362,-0.23980484902858734,0.9280421137809753,0.6300626993179321,0.9642897844314575,-0.22628818452358246,0.9496765732765198
down,0.6886274218559265,0.4855394661426544,-0.626772940158844,0.999991774559021,0.6948145031929016,0.46682208776474,-0.6133161187171936,0.9999833703041077,0.6986181139945984,0.46479007601737976,-0.6133309602737427,0.9999790787696838,0.7020330429077148,0.4630337655544281,-0.6135044693946838,0.9999820590019226,0.6824560165405273,0.46813419461250305,-0.6114152073860168,0.9999732971191406,0.678174614906311,0.4669114053249359,-0.6114192605018616,0.9999653100967407,0.6749058961868286,0.46532270312309265,-0.6113889813423157,0.9999649524688721,0.7089105248451233,0.4562891125679016,-0.4990115165710449,0.9999706149101257,0.6701551675796509,0.4605073928833008,-0.4897492229938507,0.9999436140060425,0.6951338052749634,0.5011667609214783,-0.5807344317436218,0.9999960064888,0.6815676093101501,0.5035834908485413,-0.5780185461044312,0.9999946355819702,0.7434149384498596,0.5425519347190857,-0.37939634919166565,0.9999907612800598,0.6349442601203918,0.5403572916984558,-0.35562556982040405,0.9998735785484314,0.7599821090698242,0.69691002368927,-0.39609915018081665,0.9950553774833679,0.6161522269248962,0.6877069473266602,-0.35707515478134155,0.9818081855773926,0.768372654914856,0.8155725002288818,-0.4627198576927185,0.9770097136497498,0.6064068078994751,0.8150061368942261,-0.4256705045700073,0.925140380859375,0.776294469833374,0.8503778576850891,-0.49796396493911743,0.9419962763786316,0.5966888070106506,0.8452207446098328,-0.4567609429359436,0.8470606803894043,0.7679656147956848,0.8526058197021484,-0.5191766619682312,0.946226179599762,0.6066945791244507,0.8500981330871582,-0.48310935497283936,0.8539794683456421,0.7626886367797852,0.8402107954025269,-0.4726712107658386,0.9321357607841492,0.6128215193748474,0.8394550681114197,-0.4381573498249054,0.8286779522895813,0.7148902416229248,0.6139978766441345,-5.8382702263770625e-05,0.9999701976776123,0.6596342921257019,0.6126662492752075,0.0001599063107278198,0.999916136264801,0.746929943561554,0.7279024720191956,-0.32450419664382935,0.9456272721290588,0.6276385188102722,0.7313644289970398,-0.30175381898880005,0.9452416896820068,0.7355049848556519,0.901898205280304,-0.09903749078512192,0.9487559795379639,0.6388369202613831,0.9023410081863403,-0.08828946202993393,0.9684812426567078,0.730658233165741,0.9199528098106384,-0.08308374136686325,0.7707147002220154,0.6461954116821289,0.9232747554779053,-0.07269776612520218,0.8316354155540466,0.7399548888206482,0.9679955244064331,-0.2289121299982071,0.9293064475059509,0.6300652623176575,0.9640241861343384,-0.21659845113754272,0.9505970478057861
down,0.6885840892791748,0.4899682402610779,-0.6345471143722534,0.9999918937683105,0.6947398781776428,0.47070690989494324,-0.6201983690261841,0.9999839663505554,0.6985389590263367,0.46866944432258606,-0.6202135682106018,0.9999797940254211,0.7019438147544861,0.4667544662952423,-0.6203881502151489,0.9999828934669495,0.682390034198761,0.4721728265285492,-0.618432343006134,0.9999738931655884,0.6781041026115417,0.4710851311683655,-0.6184396743774414,0.9999655485153198,0.6748430728912354,0.4695437550544739,-0.618411660194397,0.9999653697013855,0.7087037563323975,0.4602859318256378,-0.5028964877128601,0.9999718070030212,0.6699999570846558,0.4645440876483917,-0.4944435954093933,0.9999424815177917,0.6949976086616516,0.5055880546569824,-0.5876361131668091,0.9999960660934448,0.6815184354782104,0.5081364512443542,-0.5851517915725708,0.999994695186615,0.7428913712501526,0.5459251403808594,-0.38193169236183167,0.9999908208847046,0.634943962097168,0.5437089204788208,-0.3596576750278473,0.9998589158058167,0.7593279480934143,0.6988489031791687,-0.3992690443992615,0.9949579238891602,0.6158221960067749,0.6904937028884888,-0.36323824524879456,0.9807350039482117,0.768410861492157,0.8175168037414551,-0.46784210205078125,0.9770488142967224,0.6054496169090271,0.8178253769874573,-0.4328848719596863,0.9234268665313721,0.776323676109314,0.8523650169372559,-0.503639280796051,0.9414073824882507,0.596019983291626,0.848778247833252,-0.46465322375297546,0.8413322567939758,0.7679873704910278,0.855000913143158,-0.5248023867607117,0.9461317658424377,0.6055433750152588,0.854417622089386,-0.4908248484134674,0.8492045998573303,0.7627246379852295,0.842737078666687,-0.47790732979774475,0.93239426612854,0.6122339963912964,0.8435420393943787,-0.4453893005847931,0.824560821056366,0.7144590616226196,0.61586993932724,0.00021761127572972327,0.9999714493751526,0.6593145728111267,0.614412784576416,-0.00013604373089037836,0.9999153017997742,0.7470151782035828,0.7279492020606995,-0.3277840316295624,0.9456971287727356,0.6272415518760681,0.7310855984687805,-0.30631640553474426,0.9448557496070862,0.7355018258094788,0.8999791741371155,-0.0897841826081276,0.9498019814491272,0.6388521790504456,0.901577353477478,-0.08322940766811371,0.9696840047836304,0.7306535243988037,0.9183812737464905,-0.07278110086917877,0.7723711133003235,0.6466593146324158,0.9231200218200684,-0.06716009974479675,0.833738386631012,0.739834725856781,0.9680293202400208,-0.2176181823015213,0.931392252445221,0.6297872066497803,0.9636157155036926,-0.21154901385307312,0.952303946018219
down,0.6883184313774109,0.4939887821674347,-0.6359211802482605,0.9999918341636658,0.6944369077682495,0.4745015501976013,-0.6217588782310486,0.9999843239784241,0.6982662677764893,0.47263461351394653,-0.6217739582061768,0.9999801516532898,0.7017048001289368,0.4706624150276184,-0.6219509840011597,0.9999834299087524,0.6820266842842102,0.47564786672592163,-0.6198337078094482,0.9999740123748779,0.6777602434158325,0.47448962926864624,-0.6198369860649109,0.9999650716781616,0.6745723485946655,0.47288480401039124,-0.6198104619979858,0.9999650120735168,0.7085403203964233,0.4641352891921997,-0.5047374367713928,0.999972403049469,0.6696902513504028,0.4678642749786377,-0.4955694079399109,0.9999398589134216,0.6946569085121155,0.5097024440765381,-0.5890780091285706,0.9999960660934448,0.6812650561332703,0.5118891000747681,-0.5863641500473022,0.9999946355819702,0.7423846125602722,0.5483167767524719,-0.3834749758243561,0.999990701675415,0.6349373459815979,0.5464876890182495,-0.36126887798309326,0.9998420476913452,0.759006679058075,0.7000459432601929,-0.40233471989631653,0.9947401285171509,0.6154558062553406,0.6923205852508545,-0.36676841974258423,0.9791496992111206,0.7683125138282776,0.8195315599441528,-0.47233009338378906,0.9763122797012329,0.6044648885726929,0.8207777142524719,-0.4361552894115448,0.9194744229316711,0.7762525677680969,0.8547013401985168,-0.5086489319801331,0.9390078783035278,0.5950111746788025,0.8523921370506287,-0.468155175447464,0.8315821290016174,0.7676203846931458,0.8581591248512268,-0.5294756293296814,0.9444983601570129,0.6045398712158203,0.8580759167671204,-0.4939694106578827,0.840603768825531,0.7622400522232056,0.8456189632415771,-0.482361763715744,0.9307540655136108,0.6114259958267212,0.8469685316085815,-0.44853824377059937,0.8161274194717407,0.7142318487167358,0.6172112822532654,0.0003606400277931243,0.9999716281890869,0.6591631770133972,0.6158382296562195,-0.00029155329684726894,0.9999098777770996,0.7470411062240601,0.7268784642219543,-0.3313857913017273,0.9446790814399719,0.6264709830284119,0.7292972207069397,-0.3087875247001648,0.9435789585113525,0.7354171872138977,0.8987478017807007,-0.09015467762947083,0.9499816298484802,0.6388732194900513,0.9008107781410217,-0.08360669016838074,0.970391571521759,0.7306494116783142,0.9165005683898926,-0.07287340611219406,0.7711672782897949,0.6471163630485535,0.9231606721878052,-0.06750807911157608,0.8334004878997803,0.7395973801612854,0.9680955410003662,-0.218523308634758,0.9324769377708435,0.6294736266136169,0.9632307291030884,-0.2131977081298828,0.953198254108429
down,0.6882897615432739,0.4947245717048645,-0.6405424475669861,0.9999916553497314,0.6943835020065308,0.4754070043563843,-0.6264533400535583,0.9999844431877136,0.6981965899467468,0.4734651446342468,-0.6264702081680298,0.9999802708625793,0.7016257047653198,0.47161030769348145,-0.6266506910324097,0.9999837279319763,0.6819725036621094,0.47658997774124146,-0.6246362328529358,0.9999738931655884,0.6776966452598572,0.4754399061203003,-0.6246427893638611,0.9999642968177795,0.6744908094406128,0.4738542139530182,-0.6246230006217957,0.9999642968177795,0.7084448933601379,0.46482571959495544,-0.5086811780929565,0.9999727010726929,0.6695680618286133,0.46896904706954956,-0.49999523162841797,0.9999368786811829,0.6945544481277466,0.510547935962677,-0.5932996273040771,0.9999960660934448,0.6812000274658203,0.5127694606781006,-0.5907391309738159,0.9999945759773254,0.7422409057617188,0.5492879152297974,-0.3864338994026184,0.9999905228614807,0.6349409818649292,0.5468335747718811,-0.36523911356925964,0.9998242259025574,0.7591241598129272,0.7005749344825745,-0.40566226840019226,0.9945403933525085,0.6151676774024963,0.6930589079856873,-0.37208935618400574,0.9776837229728699,0.768253743648529,0.822022020816803,-0.475204199552536,0.9755129218101501,0.603986382484436,0.8219393491744995,-0.44089505076408386,0.9155988693237305,0.7758406400680542,0.8573461174964905,-0.5117656588554382,0.93648362159729,0.5945698022842407,0.8534797430038452,-0.47310957312583923,0.8223075866699219,0.7671340107917786,0.8599319458007812,-0.5323867201805115,0.9427077174186707,0.6040631532669067,0.8588243722915649,-0.4988475739955902,0.8324516415596008,0.7618040442466736,0.8473178148269653,-0.48511579632759094,0.9288855195045471,0.6109755635261536,0.8479739427566528,-0.4532463252544403,0.8079632520675659,0.7141273021697998,0.6185746192932129,0.000615611847024411,0.9999712705612183,0.6590662598609924,0.6170892715454102,-0.0005556835676543415,0.9999019503593445,0.7472270131111145,0.7266891598701477,-0.334566593170166,0.943389356136322,0.6258690357208252,0.7281287908554077,-0.3111138939857483,0.9422990679740906,0.7352718114852905,0.8983967900276184,-0.09162013232707977,0.9496932029724121,0.6388871669769287,0.9001493453979492,-0.08491691201925278,0.9708649516105652,0.7305967211723328,0.9155880808830261,-0.07416542619466782,0.7697291374206543,0.6473735570907593,0.9231387972831726,-0.0688103586435318,0.832145631313324,0.7393074631690979,0.9685046076774597,-0.21980848908424377,0.9329036474227905,0.6290538311004639,0.9626129269599915,-0.21523626148700714,0.9536265134811401
down,0.6882451772689819,0.4965634346008301,-0.5961770415306091,0.9999907612800598,0.6943241953849792,0.4771861433982849,-0.5839843153953552,0.9999837875366211,0.6981242299079895,0.47519198060035706,-0.5839933156967163,0.9999793767929077,0.7015549540519714,0.4733128249645233,-0.5841646790504456,0.9999833703041077,0.6818682551383972,0.4781731367111206,-0.5820606350898743,0.9999720454216003,0.6775873303413391,0.4768957495689392,-0.5820568203926086,0.9999606609344482,0.6743899583816528,0.4752534031867981,-0.5820265412330627,0.9999606013298035,0.708382785320282,0.46632373332977295,-0.4753766655921936,0.9999716877937317,0.6693973541259766,0.47042766213417053,-0.4658031463623047,0.9999253153800964,0.6944667100906372,0.5124320983886719,-0.5519787669181824,0.999995768070221,0.6810998916625977,0.5146277546882629,-0.549157977104187,0.9999938607215881,0.7422283291816711,0.5504515171051025,-0.36000993847846985,0.9999899864196777,0.6348308324813843,0.549468457698822,-0.33965620398521423,0.9997844099998474,0.7591865062713623,0.701671838760376,-0.37600213289260864,0.9941762089729309,0.6151676177978516,0.6958877444267273,-0.34111759066581726,0.9759654998779297,0.7681366801261902,0.8230845928192139,-0.43445390462875366,0.9745386838912964,0.6037183403968811,0.8242689967155457,-0.3971104621887207,0.9114215970039368,0.7750991582870483,0.8584315180778503,-0.46710309386253357,0.9330799579620361,0.5944312214851379,0.855450451374054,-0.4253533184528351,0.8113749027252197,0.7662127614021301,0.8606923818588257,-0.4867155849933624,0.9403709173202515,0.6038270592689514,0.8606359362602234,-0.45012378692626953,0.8234533667564392,0.7610118389129639,0.848023533821106,-0.44353580474853516,0.9269987940788269,0.6108179688453674,0.8502480983734131,-0.40855464339256287,0.8007973432540894,0.7140231728553772,0.6200006008148193,0.0006376095698215067,0.9999706149101257,0.6589152216911316,0.6183590888977051,-0.0005819936050102115,0.9998912215232849,0.7472084760665894,0.7264912724494934,-0.3172740340232849,0.9415146112442017,0.6251472234725952,0.7245836853981018,-0.2940167188644409,0.939904510974884,0.7351523041725159,0.8986592888832092,-0.09377346932888031,0.9493337869644165,0.6388782262802124,0.8992303013801575,-0.08492860198020935,0.9708226323127747,0.7305033206939697,0.9160096049308777,-0.07704218477010727,0.7664445042610168,0.6473649144172668,0.9229536056518555,-0.06926234811544418,0.8291575312614441,0.7389822006225586,0.9688998460769653,-0.216986745595932,0.9331566691398621,0.6290433406829834,0.9613215923309326,-0.2077951580286026,0.9534780979156494
down,0.6881628632545471,0.49728477001190186,-0.6272732019424438,0.9999897480010986,0.6942399740219116,0.4783981740474701,-0.6138783693313599,0.9999827742576599,0.6980270743370056,0.47637301683425903,-0.6138951182365417,0.9999780058860779,0.7014452219009399,0.4745595157146454,-0.6140757203102112,0.9999825954437256,0.6817837357521057,0.4796043038368225,-0.6121516823768616,0.9999695420265198,0.6775095462799072,0.4783763289451599,-0.6121575832366943,0.9999562501907349,0.6743165254592896,0.4767897427082062,-0.6121370196342468,0.9999560117721558,0.7082317471504211,0.46765074133872986,-0.4982205927371979,0.9999698996543884,0.6692788600921631,0.4719833731651306,-0.48973461985588074,0.9999134540557861,0.6944001317024231,0.5129704475402832,-0.5805819630622864,0.9999954700469971,0.6810559630393982,0.5151649117469788,-0.5781136155128479,0.9999932646751404,0.74201500415802,0.5508737564086914,-0.3767799437046051,0.9999894499778748,0.6348223090171814,0.5505660176277161,-0.35585659742355347,0.9997496008872986,0.7595088481903076,0.7025929093360901,-0.39477118849754333,0.9939086437225342,0.6149726510047913,0.6972106099128723,-0.3595696687698364,0.9744369983673096,0.7675766348838806,0.8249658942222595,-0.46188995242118835,0.973305344581604,0.603429913520813,0.8246253132820129,-0.42440927028656006,0.907025933265686,0.773853600025177,0.8603667616844177,-0.4974503815174103,0.9293429851531982,0.5943208932876587,0.8557248711585999,-0.4550129175186157,0.8012326955795288,0.7648748755455017,0.8633193969726562,-0.5173823833465576,0.9375443458557129,0.6036844849586487,0.8607661128044128,-0.48047885298728943,0.8146930932998657,0.7600141167640686,0.8502606153488159,-0.47140374779701233,0.9240753650665283,0.6104183793067932,0.8502006530761719,-0.436373233795166,0.7921141386032104,0.7138502597808838,0.6204812526702881,0.0006547655793838203,0.9999698996543884,0.6587262749671936,0.6191635727882385,-0.0006005224422551692,0.999879002571106,0.7471641898155212,0.7239634990692139,-0.3269563615322113,0.9400324821472168,0.6238645911216736,0.723501443862915,-0.3024461567401886,0.9378638863563538,0.7351035475730896,0.8985915184020996,-0.09750407189130783,0.9488247632980347,0.6388108134269714,0.8979688286781311,-0.085363008081913,0.9706788063049316,0.7304563522338867,0.9162999987602234,-0.0808783769607544,0.7633712887763977,0.6472545862197876,0.9228987097740173,-0.0697052851319313,0.8258604407310486,0.7388713955879211,0.9688762426376343,-0.22289477288722992,0.933321475982666,0.6289535760879517,0.960593581199646,-0.2135581076145172,0.9531234502792358
down,0.687682032585144,0.49671512842178345,-0.6196081042289734,0.9999887943267822,0.6939724683761597,0.4780791103839874,-0.6071923971176147,0.9999819397926331,0.6977978944778442,0.476286381483078,-0.6072072982788086,0.9999768733978271,0.701189398765564,0.47470906376838684,-0.6073858141899109,0.9999819397926331,0.6813885569572449,0.479197233915329,-0.6052287220954895,0.9999673962593079,0.6771449446678162,0.4778360426425934,-0.6052307486534119,0.9999523758888245,0.6740314960479736,0.4763573110103607,-0.6052086353302002,0.9999520182609558,0.7079958319664001,0.4677410125732422,-0.49507036805152893,0.999968409538269,0.6690024733543396,0.471386581659317,-0.4855300188064575,0.999902606010437,0.6941623091697693,0.5124474167823792,-0.5739858150482178,0.999995231628418,0.6807029843330383,0.5143165588378906,-0.571197509765625,0.9999927282333374,0.7418229579925537,0.5506576895713806,-0.375200480222702,0.9999889731407166,0.6345599293708801,0.5504940748214722,-0.3539542853832245,0.999719500541687,0.7597408294677734,0.7032463550567627,-0.3938796818256378,0.9937301874160767,0.6145762205123901,0.6976001858711243,-0.3565671145915985,0.9733076095581055,0.7672730684280396,0.8258084058761597,-0.45655557513237,0.9726101160049438,0.6032647490501404,0.8249486088752747,-0.41613712906837463,0.9042342305183411,0.773051381111145,0.8614349961280823,-0.49099716544151306,0.9266538023948669,0.5942088961601257,0.8561219573020935,-0.4453490376472473,0.7932179570198059,0.7638617753982544,0.8644675016403198,-0.5100564360618591,0.9356350898742676,0.6034977436065674,0.8611226677894592,-0.470071941614151,0.8080771565437317,0.7592254281044006,0.8514853715896606,-0.46548858284950256,0.9222012758255005,0.6100760698318481,0.8507007360458374,-0.42751941084861755,0.7860956192016602,0.7137911319732666,0.6206820607185364,0.0006533342530019581,0.9999693632125854,0.6585874557495117,0.6192444562911987,-0.0005986166070215404,0.9998692274093628,0.747109055519104,0.7233635783195496,-0.3258599638938904,0.9390743374824524,0.6236447691917419,0.7232447862625122,-0.3014281988143921,0.9364520907402039,0.7350829839706421,0.8985730409622192,-0.09795589745044708,0.9487598538398743,0.6387993693351746,0.8980385065078735,-0.0857694074511528,0.9708131551742554,0.7304483652114868,0.9164851307868958,-0.08163432031869888,0.7612069249153137,0.6470538377761841,0.9228634834289551,-0.0700281634926796,0.8239413499832153,0.7385095953941345,0.968745231628418,-0.22627539932727814,0.9338772892951965,0.6289176940917969,0.9601688981056213,-0.21401511132717133,0.9531623721122742
down,0.6873008608818054,0.4962914288043976,-0.6252334713935852,0.9999880194664001,0.6936104893684387,0.4778316915035248,-0.6128448843955994,0.999981164932251,0.6974503993988037,0.4762047529220581,-0.6128605008125305,0.999975860118866,0.7008296251296997,0.474678099155426,-0.6130388975143433,0.9999813437461853,0.6808961033821106,0.4790356159210205,-0.610783576965332,0.9999654293060303,0.6766995191574097,0.477775514125824,-0.6107854843139648,0.9999489188194275,0.6736545562744141,0.4765145778656006,-0.6107633709907532,0.9999484419822693,0.7077212929725647,0.46745237708091736,-0.49982985854148865,0.9999671578407288,0.668726921081543,0.47164463996887207,-0.48997196555137634,0.9998937845230103,0.6939368844032288,0.5117774605751038,-0.5792549252510071,0.9999950528144836,0.6803770065307617,0.5138911604881287,-0.5763578414916992,0.999992311000824,0.741805911064148,0.5503935813903809,-0.3783896565437317,0.9999886751174927,0.6344322562217712,0.5502706170082092,-0.35669469833374023,0.9997016191482544,0.7598019242286682,0.7031670212745667,-0.39703646302223206,0.9936026930809021,0.6144921779632568,0.6964580416679382,-0.3592144846916199,0.972409188747406,0.7670506238937378,0.8259381651878357,-0.4610369801521301,0.9720759391784668,0.6032265424728394,0.8242009878158569,-0.4208349585533142,0.9019389152526855,0.7728768587112427,0.861420214176178,-0.49586737155914307,0.9247085452079773,0.5941974520683289,0.8558501601219177,-0.45059916377067566,0.7868911623954773,0.7637217044830322,0.8646659851074219,-0.5153889656066895,0.9342892169952393,0.6033766269683838,0.8607061505317688,-0.47576504945755005,0.802746057510376,0.7589348554611206,0.8519583940505981,-0.47018423676490784,0.9208444356918335,0.6100375056266785,0.8500425219535828,-0.4324656128883362,0.7810320258140564,0.7138354778289795,0.6204736828804016,0.0006528482190333307,0.9999690055847168,0.6585891842842102,0.619025707244873,-0.0005981497815810144,0.999862015247345,0.7468898892402649,0.7235088348388672,-0.3263992369174957,0.9386316537857056,0.6238667368888855,0.7229989767074585,-0.3025992810726166,0.9357432723045349,0.735007643699646,0.8986590504646301,-0.09842371940612793,0.9488996267318726,0.6387878656387329,0.8981088995933533,-0.08648581802845001,0.9711025357246399,0.7303920984268188,0.9165331721305847,-0.08242624253034592,0.7603849768638611,0.6469661593437195,0.9228594303131104,-0.0709865391254425,0.8230679035186768,0.73827064037323,0.9686797261238098,-0.22807331383228302,0.9346600770950317,0.6288965344429016,0.9600818753242493,-0.21565492451190948,0.9534963965415955
down,0.6870755553245544,0.496219277381897,-0.6281929016113281,0.9999874234199524,0.6933823227882385,0.47782015800476074,-0.6157407164573669,0.999980628490448,0.6972264051437378,0.47630783915519714,-0.6157571077346802,0.9999751448631287,0.7006192803382874,0.47480446100234985,-0.6159347891807556,0.9999809861183167,0.6805753707885742,0.47899848222732544,-0.6136010885238647,0.9999639391899109,0.6764150857925415,0.4778161942958832,-0.6136016845703125,0.9999461770057678,0.6733902096748352,0.4766577184200287,-0.6135784983634949,0.9999456405639648,0.7075675129890442,0.4674045741558075,-0.5024089217185974,0.9999663829803467,0.6685346961021423,0.4717840552330017,-0.4922372102737427,0.9998867511749268,0.6938044428825378,0.5115642547607422,-0.5821388959884644,0.9999948740005493,0.6801551580429077,0.5137561559677124,-0.5791281461715698,0.9999920129776001,0.7418209910392761,0.5506043434143066,-0.38056522607803345,0.9999885559082031,0.6343785524368286,0.5503129959106445,-0.3581372797489166,0.9996875524520874,0.7598125338554382,0.7030117511749268,-0.3991582691669464,0.9935345649719238,0.6144111156463623,0.696031928062439,-0.36036527156829834,0.9714139103889465,0.7668607234954834,0.8256508111953735,-0.4637993276119232,0.9717539548873901,0.6031752824783325,0.8239721059799194,-0.4230346381664276,0.8994688987731934,0.7727797627449036,0.8612241148948669,-0.4989053010940552,0.9233500957489014,0.5941736698150635,0.8556837439537048,-0.45309603214263916,0.7805590629577637,0.7635585069656372,0.8646079897880554,-0.5185484290122986,0.9333949089050293,0.6032872796058655,0.8604651689529419,-0.478459894657135,0.7972962260246277,0.7586761713027954,0.8520087599754333,-0.4730072319507599,0.9198829531669617,0.6099894642829895,0.8496021032333374,-0.4348050057888031,0.775646984577179,0.7138702273368835,0.6203230619430542,0.0006492930697277188,0.9999688267707825,0.6585908532142639,0.6189826726913452,-0.0005947762983851135,0.9998559951782227,0.7466980218887329,0.7238320708274841,-0.32655665278434753,0.9382440447807312,0.6240270137786865,0.723121702671051,-0.3030782639980316,0.9351807832717896,0.7349374890327454,0.8987506628036499,-0.0987262949347496,0.9491410851478577,0.6387871503829956,0.8981736898422241,-0.0866272822022438,0.9714487791061401,0.7303575873374939,0.9165995121002197,-0.08260531723499298,0.7593914270401001,0.6469396948814392,0.9228636026382446,-0.07102981954813004,0.8224056959152222,0.7381070852279663,0.9686421751976013,-0.22889462113380432,0.9354450702667236,0.6288827061653137,0.9600823521614075,-0.21622887253761292,0.953932523727417
down,0.6861783266067505,0.49477505683898926,-0.6193144917488098,0.9999868273735046,0.6925497651100159,0.476956844329834,-0.6065384745597839,0.9999801516532898,0.6965529918670654,0.4756658375263214,-0.6065587997436523,0.9999744892120361,0.7000210285186768,0.4741169214248657,-0.6067182421684265,0.9999809861183167,0.6795746088027954,0.47773799300193787,-0.60417640209198,0.9999619126319885,0.6755890250205994,0.4767453372478485,-0.6041999459266663,0.9999420046806335,0.6724861264228821,0.47556114196777344,-0.6041921377182007,0.9999412298202515,0.7071424722671509,0.46685516834259033,-0.4977256655693054,0.9999659657478333,0.6676790118217468,0.470733106136322,-0.48546096682548523,0.9998740553855896,0.693313479423523,0.5104496479034424,-0.5729249715805054,0.9999946355819702,0.679188072681427,0.5124726891517639,-0.5706645250320435,0.9999914765357971,0.7417435050010681,0.5512939095497131,-0.3772728741168976,0.9999887347221375,0.6339606642723083,0.5512668490409851,-0.35259848833084106,0.9996628165245056,0.7598972916603088,0.702808141708374,-0.3945055902004242,0.9936623573303223,0.6143856644630432,0.6969335079193115,-0.35374873876571655,0.969058632850647,0.7667767405509949,0.8252939581871033,-0.4583677053451538,0.9726112484931946,0.6032136082649231,0.8234871029853821,-0.4165875315666199,0.8958902359008789,0.7728737592697144,0.8606548309326172,-0.4940718710422516,0.9245054125785828,0.5942170023918152,0.8555516004562378,-0.4479273855686188,0.7711700797080994,0.7636298537254333,0.8639123439788818,-0.5150771737098694,0.9350663423538208,0.603394627571106,0.8606277108192444,-0.4744046628475189,0.7894532084465027,0.7586063146591187,0.8517746925354004,-0.4680355191230774,0.9220516681671143,0.6099615097045898,0.8493918180465698,-0.4289947748184204,0.7687382698059082,0.7139089107513428,0.6201390624046326,0.0005336011527106166,0.9999698400497437,0.6584975123405457,0.6190419793128967,-0.00047375349095091224,0.9998520016670227,0.7463504076004028,0.7253084182739258,-0.3238484561443329,0.9384832978248596,0.6242406368255615,0.723474383354187,-0.302288681268692,0.9347125887870789,0.7347400784492493,0.8989188075065613,-0.0998283252120018,0.9512912631034851,0.6387851238250732,0.8982978463172913,-0.08974208682775497,0.972870409488678,0.7302549481391907,0.9171514511108398,-0.08424661308526993,0.7646430134773254,0.6468906402587891,0.9231052994728088,-0.07467132061719894,0.824823260307312,0.7379655838012695,0.9685542583465576,-0.22969835996627808,0.9390201568603516,0.6287933588027954,0.9601909518241882,-0.21835647523403168,0.9559577107429504
down,0.6861065030097961,0.49456435441970825,-0.6509631276130676,0.9999869465827942,0.6924947500228882,0.47682493925094604,-0.6372218728065491,0.9999803304672241,0.6965053081512451,0.4755348563194275,-0.63724285364151,0.9999746680259705,0.6999803781509399,0.47394588589668274,-0.637417733669281,0.999981164932251,0.6795247197151184,0.4776167571544647,-0.635154128074646,0.9999619722366333,0.6755251288414001,0.4766475558280945,-0.6351566910743713,0.9999420642852783,0.6724022030830383,0.4754449427127838,-0.6351314187049866,0.9999411106109619,0.7071202993392944,0.4667137563228607,-0.5195675492286682,0.9999662041664124,0.6675376892089844,0.4706506133079529,-0.5095759034156799,0.9998738765716553,0.6932468414306641,0.5102353096008301,-0.6031344532966614,0.999994695186615,0.6790988445281982,0.5122519731521606,-0.6004230380058289,0.9999915361404419,0.7417370676994324,0.5514691472053528,-0.3943486213684082,0.9999889135360718,0.6339108347892761,0.5516080260276794,-0.36941802501678467,0.9996601939201355,0.7599344849586487,0.7029818892478943,-0.4146709442138672,0.9937707781791687,0.6144036650657654,0.6969830989837646,-0.37348368763923645,0.9683187007904053,0.7667759656906128,0.8251267671585083,-0.4850715398788452,0.9729659557342529,0.6032270193099976,0.8231764435768127,-0.4453720152378082,0.8946120738983154,0.7729170918464661,0.8606870174407959,-0.5228208899497986,0.9254062175750732,0.5942248702049255,0.8552661538124084,-0.4785105288028717,0.7692926526069641,0.7636991739273071,0.8638899922370911,-0.5434185862541199,0.9359157085418701,0.6034969091415405,0.8603807687759399,-0.5051214098930359,0.7875928282737732,0.7586574554443359,0.8517684936523438,-0.4949081540107727,0.922842800617218,0.6099644303321838,0.8490885496139526,-0.45807403326034546,0.7661320567131042,0.7139207720756531,0.6201099753379822,0.00046726083382964134,0.9999706149101257,0.6584675908088684,0.6189931035041809,-0.00040210364386439323,0.9998539090156555,0.7463042736053467,0.7258208394050598,-0.3311059772968292,0.9393088817596436,0.6243323683738708,0.7234836220741272,-0.3094457685947418,0.9353997111320496,0.7347279787063599,0.899020254611969,-0.10069464147090912,0.9524527192115784,0.6387860178947449,0.898331880569458,-0.09038520604372025,0.9735900163650513,0.7302494645118713,0.9174537062644958,-0.08497916907072067,0.7688130736351013,0.6468722820281982,0.9231773614883423,-0.07512734085321426,0.827533483505249,0.7379796504974365,0.9685806632041931,-0.23489831387996674,0.940577507019043,0.6287901997566223,0.9603692889213562,-0.222425639629364,0.956995964050293
down,0.686038613319397,0.4944721460342407,-0.6526275277137756,0.9999870657920837,0.6924411654472351,0.47679567337036133,-0.6389685273170471,0.9999803900718689,0.6964595913887024,0.4755191504955292,-0.6389886736869812,0.9999747276306152,0.6999431252479553,0.47391173243522644,-0.6391639709472656,0.9999812245368958,0.6794812083244324,0.4775818884372711,-0.6369485259056091,0.9999618530273438,0.6754759550094604,0.47662511467933655,-0.6369484663009644,0.9999418258666992,0.6723395586013794,0.4754093289375305,-0.636920690536499,0.9999407529830933,0.7070987224578857,0.466695636510849,-0.520984947681427,0.9999662041664124,0.6674330234527588,0.47062811255455017,-0.5113681554794312,0.9998731017112732,0.6931798458099365,0.5101684927940369,-0.6049512624740601,0.999994695186615,0.6790233254432678,0.5121503472328186,-0.6021721959114075,0.9999915361404419,0.7417318820953369,0.5516089797019958,-0.39561226963996887,0.9999890327453613,0.6338359117507935,0.5519131422042847,-0.3712591826915741,0.999658465385437,0.7599605917930603,0.7030846476554871,-0.4155521094799042,0.9938470721244812,0.6144340634346008,0.6972333788871765,-0.3752959370613098,0.9677701592445374,0.7667783498764038,0.8250941634178162,-0.4858614206314087,0.9732059240341187,0.6032422184944153,0.8229846954345703,-0.4470601975917816,0.8938536047935486,0.7729400396347046,0.8607398867607117,-0.52337646484375,0.9260537028312683,0.5942329168319702,0.8551112413406372,-0.4799955189228058,0.7681930661201477,0.763746440410614,0.8638401031494141,-0.5439796447753906,0.9365606904029846,0.6035436987876892,0.8602522015571594,-0.5065709352493286,0.786516547203064,0.7586994171142578,0.8517152667045593,-0.49571192264556885,0.9234667420387268,0.6099647879600525,0.8488950729370117,-0.4597182869911194,0.7646234631538391,0.7139260768890381,0.6201285123825073,0.0004328458453528583,0.9999712705612183,0.6584222316741943,0.6190207600593567,-0.00036396970972418785,0.9998556971549988,0.7462913990020752,0.7260927557945251,-0.3322749733924866,0.9400460720062256,0.6243995428085327,0.7235177159309387,-0.311266154050827,0.9359617829322815,0.7347241044044495,0.8994210362434387,-0.10154155641794205,0.9535360336303711,0.6387890577316284,0.8983429670333862,-0.09123503416776657,0.9742136001586914,0.7302448749542236,0.9180173873901367,-0.0858505591750145,0.7728487253189087,0.6468626856803894,0.9233288764953613,-0.07590314000844955,0.8299896121025085,0.7380357980728149,0.9686288237571716,-0.23692011833190918,0.9420058131217957,0.6287882328033447,0.9605346918106079,-0.22438308596611023,0.9578979015350342
down,0.685978889465332,0.4944235384464264,-0.6527214050292969,0.999987006187439,0.6924017667770386,0.4767664670944214,-0.6391546130180359,0.9999802112579346,0.6964266300201416,0.4754892885684967,-0.6391740441322327,0.9999744892120361,0.6999186277389526,0.47386226058006287,-0.6393489241600037,0.9999810457229614,0.6794401407241821,0.47756534814834595,-0.6371589303016663,0.9999613165855408,0.6754308342933655,0.47661980986595154,-0.6371591091156006,0.9999410510063171,0.672279953956604,0.4753894507884979,-0.6371318697929382,0.9999397397041321,0.7070866823196411,0.46665942668914795,-0.5210713744163513,0.9999657273292542,0.6673361659049988,0.4706043303012848,-0.5115878582000732,0.9998709559440613,0.6931269764900208,0.510140061378479,-0.6050025224685669,0.9999946355819702,0.6789530515670776,0.5120952725410461,-0.6022241115570068,0.9999914169311523,0.7417364716529846,0.5518751740455627,-0.39540210366249084,0.9999890327453613,0.6337521076202393,0.5521973371505737,-0.3714432418346405,0.9996550679206848,0.7599824666976929,0.7033149003982544,-0.4153676927089691,0.9938970804214478,0.6144391894340515,0.6974140405654907,-0.3755444288253784,0.9673566222190857,0.766761839389801,0.8249981999397278,-0.48589304089546204,0.9733522534370422,0.6032904386520386,0.822865903377533,-0.446934312582016,0.8932380080223083,0.772810697555542,0.8608906269073486,-0.5233715176582336,0.9264698624610901,0.5942384004592896,0.8550180196762085,-0.47977694869041443,0.7672869563102722,0.7637880444526672,0.8637995719909668,-0.5439621806144714,0.9370100498199463,0.6035918593406677,0.8602650761604309,-0.5062687993049622,0.7856528759002686,0.7587281465530396,0.8515084981918335,-0.4957418143749237,0.9238916635513306,0.609967052936554,0.8488265872001648,-0.45953047275543213,0.7635055780410767,0.7139391303062439,0.6201993227005005,0.000357146083842963,0.9999717473983765,0.6584094166755676,0.6190221905708313,-0.00028246548026800156,0.99985671043396,0.7462599873542786,0.726192831993103,-0.33369365334510803,0.9406566619873047,0.6245271563529968,0.7233999371528625,-0.31294238567352295,0.9364182949066162,0.7347043752670288,0.8999521732330322,-0.1042783185839653,0.9544546008110046,0.6387883424758911,0.8983579277992249,-0.09315146505832672,0.9747099280357361,0.7302404046058655,0.9185754060745239,-0.0886889323592186,0.7763152122497559,0.6468169093132019,0.9234721064567566,-0.07780417799949646,0.832161009311676,0.7380980849266052,0.9686630964279175,-0.24054376780986786,0.9432362914085388,0.6287378668785095,0.9605936408042908,-0.22693277895450592,0.9586195945739746
down,0.685979425907135,0.49439844489097595,-0.6600228548049927,0.9999869465827942,0.6924038529396057,0.4767458736896515,-0.646112322807312,0.9999799728393555,0.6964275240898132,0.4754672646522522,-0.6461331248283386,0.9999741911888123,0.699920117855072,0.47382277250289917,-0.646310567855835,0.9999808073043823,0.6794462203979492,0.47756901383399963,-0.6442422866821289,0.999960720539093,0.6754287481307983,0.4766380488872528,-0.6442441940307617,0.9999401569366455,0.6722727417945862,0.47540339827537537,-0.6442194581031799,0.9999386072158813,0.7070854902267456,0.4666147530078888,-0.5263078212738037,0.9999650716781616,0.667300283908844,0.47063735127449036,-0.5174142122268677,0.9998687505722046,0.6931180953979492,0.5101192593574524,-0.6117001175880432,0.9999945759773254,0.6789403557777405,0.5120772123336792,-0.609085738658905,0.9999913573265076,0.7417382001876831,0.5519871115684509,-0.3992261290550232,0.9999890327453613,0.6336919665336609,0.5523056387901306,-0.37584325671195984,0.9996513724327087,0.7599982619285583,0.7034239768981934,-0.4203522503376007,0.9939504861831665,0.6144376397132874,0.6974779367446899,-0.381309449672699,0.9669813513755798,0.7667376399040222,0.8249756693840027,-0.49316588044166565,0.9734426140785217,0.6032973527908325,0.8228591084480286,-0.45445576310157776,0.8924873471260071,0.7727232575416565,0.860990047454834,-0.5314176082611084,0.926811933517456,0.5942440032958984,0.855044960975647,-0.48800021409988403,0.7664214968681335,0.763822615146637,0.8638045191764832,-0.552022397518158,0.9373716711997986,0.6036261916160583,0.8603684306144714,-0.5146273970603943,0.7847848534584045,0.7587554454803467,0.8514105677604675,-0.5031167268753052,0.9241560697555542,0.6099671721458435,0.8488635420799255,-0.467166543006897,0.7621870040893555,0.7139506936073303,0.6202020645141602,0.00029859572532586753,0.9999720454216003,0.6583998799324036,0.6190018057823181,-0.00021897288388572633,0.99985671043396,0.7462534308433533,0.7262073755264282,-0.33732306957244873,0.9412789940834045,0.6246142983436584,0.7231546640396118,-0.31620079278945923,0.9367579817771912,0.7346963882446289,0.9002990126609802,-0.10618282109498978,0.9552584886550903,0.638779878616333,0.8983855247497559,-0.0946693867444992,0.9751027822494507,0.7302349209785461,0.9189393520355225,-0.09046178311109543,0.7792092561721802,0.6467338800430298,0.9235977530479431,-0.07920105755329132,0.8338067531585693,0.7381533980369568,0.9687105417251587,-0.24370869994163513,0.944299042224884,0.6286382079124451,0.9606025815010071,-0.22987182438373566,0.9591723680496216
down,0.6859378218650818,0.4943823218345642,-0.6633842587471008,0.9999869465827942,0.692378044128418,0.476774662733078,-0.64942866563797,0.9999797344207764,0.6964066028594971,0.47551846504211426,-0.6494489908218384,0.9999738931655884,0.6999038457870483,0.47388333082199097,-0.6496264338493347,0.9999805688858032,0.6794152855873108,0.4775792956352234,-0.6474587917327881,0.9999602437019348,0.6753975749015808,0.4766565263271332,-0.6474621295928955,0.9999394416809082,0.6722328066825867,0.4754239022731781,-0.6474387049674988,0.9999377131462097,0.707080066204071,0.4667365252971649,-0.5294464826583862,0.9999643564224243,0.6672520041465759,0.4706810414791107,-0.5201244950294495,0.9998669624328613,0.6930805444717407,0.5101271271705627,-0.6150403618812561,0.9999945163726807,0.6788925528526306,0.5120354294776917,-0.6122936010360718,0.9999912977218628,0.7417415976524353,0.5522048473358154,-0.40187665820121765,0.9999890327453613,0.6336389183998108,0.5525639057159424,-0.37834569811820984,0.9996488094329834,0.7600151896476746,0.7034311890602112,-0.4233480393886566,0.9939945340156555,0.6144376397132874,0.6977165341377258,-0.384452223777771,0.9666435718536377,0.7667211890220642,0.8249196410179138,-0.49639999866485596,0.9734550714492798,0.603316068649292,0.8228896856307983,-0.45796239376068115,0.8917076587677002,0.7726297974586487,0.8610743284225464,-0.5347527861595154,0.9269459247589111,0.5942484736442566,0.8550918102264404,-0.49165093898773193,0.7654446959495544,0.7638501524925232,0.8637990951538086,-0.5552694797515869,0.9375279545783997,0.6036692261695862,0.8604331612586975,-0.5181946158409119,0.7837903499603271,0.7587788701057434,0.8513098955154419,-0.5063161253929138,0.9241877198219299,0.6099681258201599,0.8488814234733582,-0.4706554412841797,0.7607851624488831,0.7139745354652405,0.6202042102813721,0.0002364265383221209,0.9999722838401794,0.6583991646766663,0.6189854145050049,-0.00015309199807234108,0.99985671043396,0.7461870312690735,0.7262222170829773,-0.33974382281303406,0.9419316053390503,0.6248149275779724,0.7231040596961975,-0.31762799620628357,0.9370900392532349,0.7346904277801514,0.9003328084945679,-0.10721036046743393,0.9560059905052185,0.6387796998023987,0.8984584808349609,-0.09546197950839996,0.975469708442688,0.7302331328392029,0.9190205931663513,-0.09136071056127548,0.7816252708435059,0.6467117667198181,0.9237783551216125,-0.07994268089532852,0.8352413177490234,0.7381682991981506,0.9687724709510803,-0.24508172273635864,0.9452516436576843,0.6285707354545593,0.960610032081604,-0.23120082914829254,0.9596654772758484
down,0.6821075677871704,0.4918016791343689,-0.6648823022842407,0.9999589920043945,0.6891122460365295,0.4702308177947998,-0.6490620374679565,0.9999504089355469,0.692980170249939,0.4690162241458893,-0.6490887999534607,0.9999338388442993,0.6965728998184204,0.4679318070411682,-0.6492782831192017,0.9999512434005737,0.6756021976470947,0.47124361991882324,-0.6473907232284546,0.9999173879623413,0.6714210510253906,0.4703659415245056,-0.6474234461784363,0.9998798370361328,0.6682263016700745,0.4697391390800476,-0.6474145650863647,0.9998946189880371,0.7043226957321167,0.46568000316619873,-0.523919403553009,0.9999023675918579,0.6650680899620056,0.4686828851699829,-0.5168341398239136,0.9997746348381042,0.6894040703773499,0.5079225301742554,-0.6152451038360596,0.9999825954437256,0.6750442385673523,0.5117101669311523,-0.6131263971328735,0.9999783039093018,0.7431034445762634,0.5594682693481445,-0.40244513750076294,0.9999581575393677,0.6312432885169983,0.557380735874176,-0.3837335705757141,0.9996457099914551,0.7612413763999939,0.7095880508422852,-0.4317872226238251,0.9859047532081604,0.6120499968528748,0.7027464509010315,-0.4011419713497162,0.9740372896194458,0.7677000761032104,0.836955726146698,-0.5140128135681152,0.9683761596679688,0.603162944316864,0.8262917995452881,-0.4841499924659729,0.9411435127258301,0.7740294337272644,0.8709628582000732,-0.5544471144676208,0.923907995223999,0.595264196395874,0.8608019351959229,-0.5192485451698303,0.8662362694740295,0.7663076519966125,0.8726894855499268,-0.5736017227172852,0.9320774078369141,0.6043214201927185,0.8632119297981262,-0.5451343655586243,0.876631498336792,0.760614275932312,0.8624700903892517,-0.5241214632987976,0.9183799028396606,0.6090536713600159,0.8510216474533081,-0.49686384201049805,0.8526976704597473,0.7150171995162964,0.6273944973945618,0.0013447041856124997,0.999980092048645,0.6566532254219055,0.6277304291725159,-0.0012263384414836764,0.9999302625656128,0.7450805306434631,0.7246721982955933,-0.36796414852142334,0.9287925362586975,0.6259273290634155,0.7236748337745667,-0.33768579363822937,0.9070637226104736,0.7352436184883118,0.9042589664459229,-0.11855023354291916,0.9361815452575684,0.640802800655365,0.8983389735221863,-0.09759075194597244,0.9675059914588928,0.7284358143806458,0.9275853633880615,-0.10039851069450378,0.8336398601531982,0.6475605368614197,0.9236356019973755,-0.08028601109981537,0.8445140719413757,0.7392149567604065,0.9650338888168335,-0.2520996034145355,0.9398972988128662,0.6314090490341187,0.9597033262252808,-0.23628121614456177,0.9542884826660156
